sequence,timestamp_utc,input_file,output_file,file_size_bytes,model_status,event,step,step_elapsed_seconds,evaluation_elapsed_seconds,reduction_elapsed_seconds,timeout_seconds,original_features,original_constraints,simplified_features,simplified_constraints,feature_reduction_ratio,constraint_reduction_ratio,removed_core_features,removed_dead_features,removed_atomic_set_features,projection_variables_completed,projection_variables_total,message
1,2026-09-30T22:11:39.914830200Z,dataset_9/uvl/automotive02_01.uvl,reduced_models/automotive02_01.uvl,557972,running,model_started,,,0.000000,,18000,,,,,,,,,,,,
2,2026-09-30T22:11:39.920974100Z,dataset_9/uvl/automotive02_01.uvl,reduced_models/automotive02_01.uvl,557972,running,step_started,input_model_loading,,0.007390,,18000,,,,,,,,,,,,
3,2026-09-30T22:11:41.458743400Z,dataset_9/uvl/automotive02_01.uvl,reduced_models/automotive02_01.uvl,557972,running,step_completed,input_model_loading,1.535913,1.544859,,18000,14010,666,,,,,,,,,,
4,2026-09-30T22:11:41.460775800Z,dataset_9/uvl/automotive02_01.uvl,reduced_models/automotive02_01.uvl,557972,running,step_started,boolean_feature_type_validation,,1.544859,,18000,14010,666,,,,,,,,,,
5,2026-09-30T22:11:41.468984700Z,dataset_9/uvl/automotive02_01.uvl,reduced_models/automotive02_01.uvl,557972,running,step_completed,boolean_feature_type_validation,0.005592,1.554952,,18000,14010,666,,,,,,,,,,
6,2026-09-30T22:11:41.470511600Z,dataset_9/uvl/automotive02_01.uvl,reduced_models/automotive02_01.uvl,557972,running,step_started,initial_satisfiability_check,,1.554952,,18000,14010,666,,,,,,,,,,
7,2026-09-30T22:12:09.160055400Z,dataset_9/uvl/automotive02_01.uvl,reduced_models/automotive02_01.uvl,557972,running,step_completed,initial_satisfiability_check,27.687315,29.246621,,18000,14010,666,,,,,,,,,,
8,2026-09-30T22:12:09.162571Z,dataset_9/uvl/automotive02_01.uvl,reduced_models/automotive02_01.uvl,557972,running,step_started,core_feature_computation,,29.246621,,18000,14010,666,,,,,,,,,,
9,2026-09-30T22:12:40.628694600Z,dataset_9/uvl/automotive02_01.uvl,reduced_models/automotive02_01.uvl,557972,running,step_completed,core_feature_computation,31.463642,60.714427,,18000,14010,666,,,,,,,,,,
10,2026-09-30T22:12:40.629700Z,dataset_9/uvl/automotive02_01.uvl,reduced_models/automotive02_01.uvl,557972,running,step_started,dead_feature_computation,,60.714427,,18000,14010,666,,,,,,,,,,
11,2026-09-30T22:13:13.156018900Z,dataset_9/uvl/automotive02_01.uvl,reduced_models/automotive02_01.uvl,557972,running,step_completed,dead_feature_computation,32.523812,93.242225,,18000,14010,666,,,,,,,,,,
12,2026-09-30T22:13:13.158131400Z,dataset_9/uvl/automotive02_01.uvl,reduced_models/automotive02_01.uvl,557972,running,step_started,atomic_set_computation,,93.242225,,18000,14010,666,,,,,,,,,,
13,2026-09-30T22:13:45.487236900Z,dataset_9/uvl/automotive02_01.uvl,reduced_models/automotive02_01.uvl,557972,running,step_completed,atomic_set_computation,32.328320,125.574104,,18000,14010,666,,,,,,,,,,
14,2026-09-30T22:13:45.489882700Z,dataset_9/uvl/automotive02_01.uvl,reduced_models/automotive02_01.uvl,557972,running,reduction_started,reduction,,125.574104,,18000,14010,666,,,,,,,,,,
15,2026-09-30T22:13:45.492915400Z,dataset_9/uvl/automotive02_01.uvl,reduced_models/automotive02_01.uvl,557972,running,step_started,reduction_satisfiability_check,,125.580114,0.002196,18000,14010,666,,,,,,,,,,
16,2026-09-30T22:14:14.541908200Z,dataset_9/uvl/automotive02_01.uvl,reduced_models/automotive02_01.uvl,557972,running,step_completed,reduction_satisfiability_check,29.045856,154.627824,29.049906,18000,14010,666,,,,,,,,,,
17,2026-09-30T22:14:14.542926300Z,dataset_9/uvl/automotive02_01.uvl,reduced_models/automotive02_01.uvl,557972,running,step_started,reduction_original_cnf_construction,,154.627824,29.049906,18000,14010,666,,,,,,,,,,
18,2026-09-30T22:14:45.838930900Z,dataset_9/uvl/automotive02_01.uvl,reduced_models/automotive02_01.uvl,557972,running,step_completed,reduction_original_cnf_construction,31.293003,185.925068,60.347149,18000,14010,666,,,,,,,,,,
19,2026-09-30T22:14:45.840972900Z,dataset_9/uvl/automotive02_01.uvl,reduced_models/automotive02_01.uvl,557972,running,step_started,reduction_removal_plan_computation,,185.925068,60.347149,18000,14010,666,,,,,,,,,,
20,2026-09-30T22:16:00.879984200Z,dataset_9/uvl/automotive02_01.uvl,reduced_models/automotive02_01.uvl,557972,running,step_completed,reduction_removal_plan_computation,75.037052,260.965985,135.388066,18000,14010,666,,,,,,,,,,
21,2026-09-30T22:16:00.882586500Z,dataset_9/uvl/automotive02_01.uvl,reduced_models/automotive02_01.uvl,557972,running,step_started,reduction_variable_projection,,260.965985,135.388066,18000,14010,666,,,,,,,,,,
22,2026-10-01T03:11:38.443122500Z,dataset_9/uvl/automotive02_01.uvl,reduced_models/automotive02_01.uvl,557972,timed_out,model_timed_out,reduction_variable_projection,17739.046948,18000.017074,17874.439156,18000,14010,666,,,,,,,,2010,2074,Exceeded the per-model timeout of 18000 seconds
