rank,core_feature_name,core_feature_count,core_feature_model_count,dead_feature_name,dead_feature_count,dead_feature_model_count
1,_r_1,797,797,F_Lh1SuFFA3Akeax5vOAvyPeNZHByIs7uc,10,10
2,_r_2,515,515,F_QnkcWxl8dvohd6LWDh0HHKVPfnbKjScr,10,10
3,_r_3,386,386,F_YTMogeLEILCAdK2JMySkoHjtAFmZacft,10,10
4,_r_4,216,216,F_eaRS5OIKlvo9yOh163INdKciUoBrSn2l,10,10
5,_r_5,209,209,F_nLcwTic1pyHxUO1rPINwANm2wEvGGm5V,10,10
6,_r_6,177,177,F_xZdJOwQUAC5x4mWyXWYcHtZ43KQxQzph,10,10
7,_r_7,130,130,F_82bLhQ4T7EN5Ay2uEeJXedMH5jhgK4H,9,9
8,_r_8,107,107,F_ZRMXTBftmxCCyFkmiPHFFcbVaatPe1g,9,9
9,_r_9,99,99,F_b3euzUFLb1QefEKWFnTVuE9pmvfw2qQ,9,9
10,_r_1_2,96,96,F_icFUVl1Gck30F7AEWDQthlpOMI4YDU,9,9
11,_r_11,88,88,F_o1ZvuE5galQS6BEn0iIqvS3V8GgEi,9,9
12,_r_1_3,85,85,F_oZc7gCtN2qRlpTo39GgAB8h6XsjXJqI,9,9
13,_r_12,83,83,BLEv50,3,3
14,_r_10,82,82,BLEv52,2,2
15,_r_13,77,77,DEPMOD,2,2
16,_r_1_4,66,66,FEATURE_2_4_MODULES,2,2
17,_r_1_6,62,62,FEATURE_IFUPDOWN_IFCONFIG_BUILTIN,2,2
18,_r_15,59,59,FEATURE_INSMOD_KSYMOOPS_SYMBOLS,2,2
19,_r_14,58,58,FEATURE_INSMOD_LOADINKMEM,2,2
20,_r_19,57,57,FEATURE_INSMOD_LOAD_MAP,2,2
21,_r_1_5,55,55,FEATURE_INSMOD_LOAD_MAP_FULL,2,2
22,_r_1_7,53,53,FEATURE_INSMOD_TRY_MMAP,2,2
23,_r_16,48,48,FEATURE_INSMOD_VERSION_CHECKING,2,2
24,_r_18,47,47,FEATURE_LSMOD_PRETTY_2_6_OUTPUT,2,2
25,_r_17,43,43,FEATURE_MODPROBE_BLACKLIST,2,2
26,_r_2_8,40,40,INSMOD,2,2
27,_r_20,38,38,LSMOD,2,2
28,_r_21,38,38,MODPROBE,2,2
29,_r_22,38,38,PIE,2,2
30,_r_2_3,32,32,RMMOD,2,2
31,_r_23,31,31,_r100,2,2
32,_r_1_10,30,30,_r176,2,2
33,_r_26,30,30,_r177,2,2
34,_r_27,29,29,_r_14_15_20,2,2
35,_r_28,29,29,_r_1_2,2,2
36,_r_2_10,29,29,_r_1_2_3,2,2
37,_r_1_9,28,28,_r_7_11_12,2,2
38,_r_25,28,28,A1TB,1,1
39,_r_2_11,28,28,A500GB,1,1
40,_r_2_7,28,28,A5TB,1,1
41,Accelerometer,27,27,ARCH_ANY_ENDIAN,1,1
42,Call,27,27,ARCH_HAS_NO_LDSO,1,1
43,Connectivity,27,27,ARCH_HAS_NO_MMU,1,1
44,FitnessMonitor,27,27,ARCH_LITTLE_ENDIAN,1,1
45,Functionalities,27,27,ARCH_USE_MMU,1,1
46,Notification,27,27,CONFIG_DEBUG,1,1
47,Pedometer,27,27,CONFIG_PLATFORM_WIN32,1,1
48,Sensors,27,27,CONFIG_SSL_GENERATE_X509_CERT,1,1
49,SleepTracker,27,27,CONFIG_SSL_PRIVATE_KEY_LOCATION,1,1
50,VibrateAlert,27,27,CONFIG_SSL_SERVER_ONLY,1,1
51,_r_31,27,27,CONFIG_SSL_SKELETON_MODE,1,1
52,_r_7_8,27,27,CONFIG_SSL_USE_DEFAULT_KEY,1,1
53,_r_1_8,26,26,CONFIG_SSL_X509_COMMON_NAME,1,1
54,_r_2_4,25,25,CONFIG_SSL_X509_ORGANIZATION_NAME,1,1
55,_r_2_9,25,25,CONFIG_SSL_X509_ORGANIZATION_UNIT_NAME,1,1
56,_r_29,24,24,CONFIG_STRIP_UNWANTED_SECTIONS,1,1
57,_r_2_6,24,24,CONFIG_WIN32_USE_CRYPTO_LIB,1,1
58,_r1,23,23,DEFAULTS_ACTIONTEC,1,1
59,_r_24,23,23,DEFAULTS_ADI,1,1
60,_r_30,23,23,DEFAULTS_AKIZUKI,1,1
61,_r_3_4,23,23,DEFAULTS_ALTERA,1,1
62,_r_33,22,22,DEFAULTS_APPLE,1,1
63,_r_5_6,22,22,DEFAULTS_ARCTURUS,1,1
64,Bluetooth,21,21,DEFAULTS_ARNEWSH,1,1
65,_r_1_20,20,20,DEFAULTS_ATHEROS,1,1
66,_r_2_5,19,19,DEFAULTS_ATMARKTECHNO,1,1
67,_r_39,19,19,DEFAULTS_ATMEL,1,1
68,_r_1_11,18,18,DEFAULTS_AVNET,1,1
69,_r_4_5,18,18,DEFAULTS_CIRRUS,1,1
70,_r_13_14,17,17,DEFAULTS_COGENT,1,1
71,_r_2_12,17,17,DEFAULTS_CONEXANT,1,1
72,_r_2_13,17,17,DEFAULTS_CWLINUX,1,1
73,_r_2_16,17,17,DEFAULTS_CYBERGUARD,1,1
74,_r_3_7,17,17,DEFAULTS_CYTEK,1,1
75,_r_48,17,17,DEFAULTS_EMAC,1,1
76,_r_6_7,17,17,DEFAULTS_ESPD,1,1
77,_r_7_9,17,17,DEFAULTS_ETSEC,1,1
78,_r_37,16,16,DEFAULTS_EXYS,1,1
79,_r_42,16,16,DEFAULTS_FEITH,1,1
80,_r_5_7,16,16,DEFAULTS_FREESCALE,1,1
81,_r_1_16,15,15,DEFAULTS_FUTURE,1,1
82,_r_1_19,15,15,DEFAULTS_GDB,1,1
83,_r_34,15,15,DEFAULTS_HITACHI,1,1
84,_r_35,15,15,DEFAULTS_IMT,1,1
85,_r_3_11,15,15,DEFAULTS_INSIGHT,1,1
86,_r_3_9,15,15,DEFAULTS_INTEC,1,1
87,_r_44,15,15,DEFAULTS_INTEL,1,1
88,_r_8_9,15,15,DEFAULTS_KERNEL_2_4,1,1
89,_r_9_10,15,15,DEFAULTS_LEOX,1,1
90,auth,15,15,DEFAULTS_LIBC_GLIBC,1,1
91,_r2,14,14,DEFAULTS_LIBC_UC_LIBC,1,1
92,_r_1_15,14,14,DEFAULTS_MCAFEE,1,1
93,_r_1_27,14,14,DEFAULTS_MECEL,1,1
94,_r_2_15,14,14,DEFAULTS_MICREL,1,1
95,_r_3_5,14,14,DEFAULTS_MIDAS,1,1
96,_r_47,14,14,DEFAULTS_NEC,1,1
97,_r_1_12,13,13,DEFAULTS_NETBURNER,1,1
98,_r_1_2_3,13,13,DEFAULTS_NETSILICON,1,1
99,_r_2_14,13,13,DEFAULTS_NINTENDO,1,1
100,_r_2_17,13,13,DEFAULTS_NXP,1,1
101,_r_32,13,13,DEFAULTS_OPENCORES,1,1
102,_r_3_10,13,13,DEFAULTS_OPENGEAR,1,1
103,_r_3_12,13,13,DEFAULTS_PHILIPS,1,1
104,_r_3_21,13,13,DEFAULTS_PROMISE,1,1
105,_r_40,13,13,DEFAULTS_SAMSUNG,1,1
106,_r_43,13,13,DEFAULTS_SAVANT,1,1
107,_r_10_11,12,12,DEFAULTS_SECURECOMPUTING,1,1
108,_r_2_18,12,12,DEFAULTS_SECUREEDGE,1,1
109,_r_36,12,12,DEFAULTS_SENTEC,1,1
110,_r_38,12,12,DEFAULTS_SERRA,1,1
111,_r_3_13,12,12,DEFAULTS_SIGNAL,1,1
112,F_ptX3ptQ5whQZOadnkC9rjRRGJUnH12TV,11,11,DEFAULTS_SIMTEC,1,1
113,_r3,11,11,DEFAULTS_SNAPGEAR,1,1
114,_r_19_20,11,11,DEFAULTS_SNEHA,1,1
115,_r_1_13,11,11,DEFAULTS_SOEKRIS,1,1
116,_r_1_24,11,11,DEFAULTS_SONY,1,1
117,_r_1_26,11,11,DEFAULTS_SSV,1,1
118,_r_1_2_4,11,11,DEFAULTS_STRAWBERRYLINUX,1,1
119,_r_1_2_5,11,11,DEFAULTS_SWARM,1,1
120,_r_3_23,11,11,DEFAULTS_TELEIP,1,1
121,_r_3_6,11,11,DEFAULTS_TI,1,1
122,_r_3_8,11,11,DEFAULTS_TRISCEND,1,1
123,_r_50,11,11,DEFAULTS_UNITAB,1,1
124,F_SlZNCAn46uPrI0WOcYGFUisBOqVKxfS4,10,10,DEFAULTS_VIA,1,1
125,_r_11_12,10,10,DEFAULTS_WEISS,1,1
126,_r_16_18,10,10,DO_C99_MATH,1,1
127,_r_18_19,10,10,DO_XSI_MATH,1,1
128,_r_1_14,10,10,F_82bLhQ4T7EN5Ay2uEeJXedMH5j_hgK4H,1,1
129,_r_1_21,10,10,F_ZRMXTBftmxCCyFkmiPHFFcbVaatP_e1g,1,1
130,_r_1_3_4,10,10,F_b3euzUFLb1QefEKWFnTVuE9pmv_fw2qQ,1,1
131,_r_3_15,10,10,F_icFUVl1G_ck30F7AEWDQthlpOMI4YD_U,1,1
132,_r_4_6,10,10,F_o1ZvuE5_ga_lQS6BEn0iIqvS_3V8GgEi,1,1
133,_r_5_8,10,10,F_oZc7gCtN2qRlpT_o39GgAB8h6XsjXJqI,1,1
134,_r_66,10,10,M32GB,1,1
135,_r_6_8,10,10,M4GB,1,1
136,F_6aQMDAQ9jfpw9F66NjizmG1QTJHolT,9,9,M8GB,1,1
137,F_9gMejCWNsrHG2vJue92XuOWcUfk7RW,9,9,MALLOC_STANDARD,1,1
138,F_Iw9llUh7xVq3QBA82MALB9gURpscyPk,9,9,UCLIBC_BUILD_ALL_LOCALE,1,1
139,F_KJmyyNTslVaem5ksCYKYa8DFmvOhkMl,9,9,UCLIBC_DOWNLOAD_PREGENERATED_LOCALE_DATA,1,1
140,F_YYbH9ZBDxO9HzJUMItSN0Mu6wi8wQgj,9,9,UCLIBC_FORMAT_ELF,1,1
141,F_gkEltCNVBzJqxo9MlvUSx5R5jKcIoq,9,9,UCLIBC_FORMAT_FDPIC_ELF,1,1
142,F_oaawo22DF9f2hYhXM57dB7Rpez1Eetv,9,9,UCLIBC_FORMAT_FLAT,1,1
143,F_u3NLZKSnTX9ZVjGpL11jvNyjgSw8Zx,9,9,UCLIBC_FORMAT_FLAT_SEP_DATA,1,1
144,F_wCb7zQGeAgQbo6Tr8ojlMXMPuMXVtNx,9,9,UCLIBC_HAS_CRYPT,1,1
145,_r12,9,9,UCLIBC_HAS_CRYPT_IMPL,1,1
146,_r9,9,9,UCLIBC_HAS_CRYPT_STUB,1,1
147,_r_16_17,9,9,UCLIBC_HAS_FENV,1,1
148,_r_1_22,9,9,UCLIBC_HAS_FLOATS,1,1
149,_r_1_27_28,9,9,UCLIBC_HAS_FPU,1,1
150,_r_23_24,9,9,UCLIBC_HAS_GLIBC_DIGIT_GROUPING,1,1
151,_r_3_14,9,9,UCLIBC_HAS_HEXADECIMAL_FLOATS,1,1
152,_r_3_16,9,9,UCLIBC_HAS_LONG_DOUBLE_MATH,1,1
153,_r_3_22,9,9,UCLIBC_HAS_SCANF_LENIENT_DIGIT_GROUPING,1,1
154,_r_3_25,9,9,UCLIBC_HAS_SOFT_FLOAT,1,1
155,_r_41,9,9,UCLIBC_PREGENERATED_LOCALE_DATA,1,1
156,_r_4_30,9,9,USE_OLD_VFPRINTF,1,1
157,_r_52,9,9,_r101,1,1
158,_r_80,9,9,_r102,1,1
159,public,9,9,_r103,1,1
160,_r23,8,8,_r104,1,1
161,_r_12_13,8,8,_r105,1,1
162,_r_13_15,8,8,_r106,1,1
163,_r_15_16,8,8,_r107,1,1
164,_r_19_21,8,8,_r152,1,1
165,_r_1_3_4_5,8,8,_r153,1,1
166,_r_2_20,8,8,_r161,1,1
167,_r_3_19,8,8,_r162,1,1
168,_r_3_26,8,8,_r175,1,1
169,_r_5_22,8,8,_r178,1,1
170,_r_5_9,8,8,_r180,1,1
171,_r_6_14,8,8,_r181,1,1
172,_r_7_10,8,8,_r203,1,1
173,_r_8_10,8,8,_r211,1,1
174,_r_9_11,8,8,_r219,1,1
175,session,8,8,_r222,1,1
176,settings,8,8,_r223,1,1
177,theme,8,8,_r224,1,1
178,Gun,7,7,_r249,1,1
179,Movement,7,7,_r259,1,1
180,Radar,7,7,_r37_51_52,1,1
181,SelectEnemy,7,7,_r37_51_53,1,1
182,Targeting,7,7,_r37_51_54,1,1
183,_r4,7,7,_r37_51_56,1,1
184,_r5,7,7,_r37_51_57,1,1
185,_r_12_14,7,7,_r37_51_59,1,1
186,_r_13_16,7,7,_r37_51_60,1,1
187,_r_1_17,7,7,_r37_51_61,1,1
188,_r_1_23,7,7,_r72,1,1
189,_r_1_27_33,7,7,_r93,1,1
190,_r_1_29,7,7,_r94,1,1
191,_r_1_3_20,7,7,_r95,1,1
192,_r_25_26,7,7,_r96,1,1
193,_r_27_28,7,7,_r97,1,1
194,_r_2_24,7,7,_r98,1,1
195,_r_2_25,7,7,_r99,1,1
196,_r_2_76,7,7,_r_1,1,1
197,_r_2_78,7,7,_r_10_11_13,1,1
198,_r_30_31,7,7,_r_10_11_27_28,1,1
199,_r_3_18,7,7,_r_10_12,1,1
200,_r_3_20,7,7,_r_10_13,1,1
201,_r_3_24,7,7,_r_10_16_20_21,1,1
202,_r_3_27,7,7,_r_128_151_153,1,1
203,_r_46,7,7,_r_12_13_17,1,1
204,_r_4_29,7,7,_r_13_14_19_23,1,1
205,_r_4_32,7,7,_r_14_15_16,1,1
206,_r_4_34,7,7,_r_14_15_17,1,1
207,_r_4_35,7,7,_r_14_15_19,1,1
208,_r_5_10,7,7,_r_15_18_19,1,1
209,_r_5_23,7,7,_r_17_18,1,1
210,_r_6_10,7,7,_r_17_20,1,1
211,_r_6_13,7,7,_r_18_20,1,1
212,_r_7_11,7,7,_r_18_20_23_24,1,1
213,_r_7_12,7,7,_r_18_20_23_25,1,1
214,skin,7,7,_r_19_20_21,1,1
215,BT40,6,6,_r_19_20_21_22,1,1
216,F_tPiesZBAggqJxtGelq53ZbC9WuQEwUjk,6,6,_r_19_20_21_23,1,1
217,F_uljLsAk8OW7VikeMApOQrDQXi6zC40fp,6,6,_r_19_20_21_25,1,1
218,F_yX7OiRNoxesgnCRlrVvtd5nJkpFobGwz,6,6,_r_19_20_22,1,1
219,_r10,6,6,_r_19_20_23,1,1
220,_r21,6,6,_r_19_20_25,1,1
221,_r22,6,6,_r_19_20_26,1,1
222,_r25,6,6,_r_19_23,1,1
223,_r_11_14,6,6,_r_19_23_26,1,1
224,_r_15_17,6,6,_r_19_23_27,1,1
225,_r_1_18,6,6,_r_19_27_28_29,1,1
226,_r_1_25,6,6,_r_19_27_28_30,1,1
227,_r_1_32,6,6,_r_19_27_28_32,1,1
228,_r_1_3_15,6,6,_r_19_37,1,1
229,_r_1_3_15_16,6,6,_r_1_11_12,1,1
230,_r_1_3_15_17,6,6,_r_1_12_16,1,1
231,_r_1_3_15_18,6,6,_r_1_2_5,1,1
232,_r_1_3_4_11,6,6,_r_1_2_5_8_9,1,1
233,_r_1_3_4_11_12,6,6,_r_1_2_5_8_9_16,1,1
234,_r_1_3_4_5_7,6,6,_r_1_2_5_8_9_16_20_21,1,1
235,_r_1_3_4_5_7_14,6,6,_r_1_2_5_8_9_16_20_27,1,1
236,_r_1_3_4_6,6,6,_r_1_2_5_8_9_16_20_28,1,1
237,_r_1_3_4_6_8,6,6,_r_1_2_5_8_9_16_20_29,1,1
238,_r_1_3_4_6_8_9,6,6,_r_1_2_5_8_9_16_20_30,1,1
239,_r_1_41,6,6,_r_1_2_5_8_9_16_20_31,1,1
240,_r_1_4_5,6,6,_r_1_2_5_8_9_16_20_32,1,1
241,_r_1_7_8,6,6,_r_1_2_5_8_9_16_20_33,1,1
242,_r_20_21,6,6,_r_1_2_5_8_9_16_20_34,1,1
243,_r_22_23,6,6,_r_1_2_5_8_9_17,1,1
244,_r_26_27,6,6,_r_1_2_5_8_9_17_35_36,1,1
245,_r_28_29,6,6,_r_1_2_5_8_9_17_35_37,1,1
246,_r_2_19,6,6,_r_1_2_5_8_9_17_35_38,1,1
247,_r_2_21,6,6,_r_1_2_5_8_9_18,1,1
248,_r_2_22,6,6,_r_1_2_5_8_9_18_39_40,1,1
249,_r_2_23,6,6,_r_1_2_5_8_9_18_39_41,1,1
250,_r_2_27,6,6,_r_1_2_5_8_9_19,1,1
251,_r_2_34,6,6,_r_1_2_5_8_9_19_42_43,1,1
252,_r_35_36,6,6,_r_1_2_5_8_9_19_42_44,1,1
253,_r_3_17,6,6,_r_1_2_5_8_9_19_42_45,1,1
254,_r_49,6,6,_r_1_2_5_8_9_19_42_46,1,1
255,_r_4_11_12,6,6,_r_1_2_5_8_9_19_42_47,1,1
256,_r_4_28,6,6,_r_1_2_5_8_9_19_42_48,1,1
257,_r_4_31,6,6,_r_1_2_5_8_9_19_42_49,1,1
258,_r_4_5_6,6,6,_r_1_2_5_8_9_19_42_50,1,1
259,_r_51,6,6,_r_1_2_5_8_9_19_42_51,1,1
260,_r_53,6,6,_r_1_2_6,1,1
261,_r_58,6,6,_r_1_2_6_7,1,1
262,_r_5_24,6,6,_r_1_39_43_44,1,1
263,_r_66_67,6,6,_r_1_3_4,1,1
264,_r_6_11,6,6,_r_1_3_4_36_37,1,1
265,_r_6_9,6,6,_r_1_3_4_36_38,1,1
266,_r_80_81,6,6,_r_1_3_9_10,1,1
267,_r_9_12,6,6,_r_1_41,1,1
268,F_5s0uBvPqcofo9JWXOQymR3brdwMviRL7,5,5,_r_1_42,1,1
269,F_Dx9i5d6frBK28KE0WK03eH2IXuhTNUOi,5,5,_r_1_46_47_48,1,1
270,F_Izdnce8WHedEc8NAVrRqD4g6pHQUYdn,5,5,_r_1_46_47_49,1,1
271,F_LRTUclLrrtd7SXjyxU9e2th5ajpTmDL,5,5,_r_1_4_12_13,1,1
272,F_MhuvagQIynWiOlNTyfyrf9H7qvlLql54,5,5,_r_1_4_5,1,1
273,F_mHqCgvrJ4Z6zNfPSM2bPVfm1SQPEP0Fq,5,5,_r_1_4_5_40_41,1,1
274,_r11,5,5,_r_1_4_5_40_42,1,1
275,_r18,5,5,_r_1_5,1,1
276,_r20,5,5,_r_1_5_15_16,1,1
277,_r24,5,5,_r_1_7,1,1
278,_r28,5,5,_r_1_7_34_35,1,1
279,_r29,5,5,_r_1_7_34_36,1,1
280,_r8,5,5,_r_1_7_8,1,1
281,_r_11_13,5,5,_r_1_7_8_13,1,1
282,_r_13_17,5,5,_r_1_7_9,1,1
283,_r_16_19,5,5,_r_1_7_9_10,1,1
284,_r_17_18,5,5,_r_1_8_9,1,1
285,_r_17_20,5,5,_r_1_8_9_12_13,1,1
286,_r_18_20,5,5,_r_1_8_9_12_14,1,1
287,_r_1_15_16,5,5,_r_22_23_24_25,1,1
288,_r_1_2_6,5,5,_r_22_23_24_26,1,1
289,_r_1_2_7,5,5,_r_22_23_24_28,1,1
290,_r_1_37,5,5,_r_22_34_35_36,1,1
291,_r_1_39,5,5,_r_22_34_35_37,1,1
292,_r_1_3_4_11_13,5,5,_r_22_34_35_39,1,1
293,_r_1_3_4_6_8_10,5,5,_r_27_28_29_33,1,1
294,_r_1_3_7,5,5,_r_27_28_44_48,1,1
295,_r_1_6_7,5,5,_r_27_30_35_39,1,1
296,_r_20_22,5,5,_r_27_40_41_45,1,1
297,_r_23_25,5,5,_r_2_10,1,1
298,_r_2_28,5,5,_r_2_11_12,1,1
299,_r_2_8_15,5,5,_r_2_19_20,1,1
300,_r_31_32,5,5,_r_2_3_4,1,1
301,_r_39_54,5,5,_r_2_3_7,1,1
302,_r_3_13_14,5,5,_r_2_6_17_20,1,1
303,_r_41_42,5,5,_r_2_6_7_13_14_16,1,1
304,_r_42_46,5,5,_r_2_7_9,1,1
305,_r_45,5,5,_r_32_36_37,1,1
306,_r_4_11,5,5,_r_32_37_60_62,1,1
307,_r_4_18,5,5,_r_34_35_37,1,1
308,_r_4_19,5,5,_r_34_35_38,1,1
309,_r_4_20,5,5,_r_34_35_40,1,1
310,_r_4_21,5,5,_r_35_37_41_42,1,1
311,_r_4_5_7,5,5,_r_35_37_41_43,1,1
312,_r_4_7,5,5,_r_35_37_41_45,1,1
313,_r_4_8,5,5,_r_38_39_40_41,1,1
314,_r_58_59,5,5,_r_38_39_40_42,1,1
315,_r_5_12,5,5,_r_38_39_40_44,1,1
316,_r_5_13,5,5,_r_38_39_41,1,1
317,_r_5_16,5,5,_r_38_39_42,1,1
318,_r_5_21,5,5,_r_38_39_43,1,1
319,_r_64,5,5,_r_38_39_44,1,1
320,_r_66_72,5,5,_r_38_39_45,1,1
321,_r_6_28,5,5,_r_38_39_46,1,1
322,_r_79,5,5,_r_38_39_47,1,1
323,_r_7_13,5,5,_r_38_39_48,1,1
324,_r_7_27,5,5,_r_38_39_49,1,1
325,_r_81,5,5,_r_38_39_50,1,1
326,F_5JAafSb6woj4G8yTQWC7N1m8FOMcJAi7,4,4,_r_38_39_51,1,1
327,F_GScOSUr3hrbdn9rOgKnhUAxDLUyqXG5,4,4,_r_38_39_53,1,1
328,F_c8xFtecqz6GKeGmYsnWQzq39Qf62Zi7L,4,4,_r_38_39_54,1,1
329,F_jRHB1tPJFMtNzpiql7IiRLCOhFRFjU1v,4,4,_r_38_39_55,1,1
330,F_sUZ6najyyPRkI5dW74lSLaoOs3rJWc7j,4,4,_r_38_39_57,1,1
331,Size,4,4,_r_38_39_58,1,1
332,_r13,4,4,_r_38_39_59,1,1
333,_r15,4,4,_r_38_39_60,1,1
334,_r30,4,4,_r_38_39_62,1,1
335,_r33,4,4,_r_38_39_63,1,1
336,_r35,4,4,_r_38_39_64,1,1
337,_r6,4,4,_r_38_39_65,1,1
338,_r_10_12,4,4,_r_38_39_67,1,1
339,_r_10_13,4,4,_r_38_39_68,1,1
340,_r_10_14,4,4,_r_38_39_69,1,1
341,_r_10_39,4,4,_r_38_50_51_52,1,1
342,_r_14_15,4,4,_r_38_50_51_53,1,1
343,_r_15_19,4,4,_r_38_50_51_55,1,1
344,_r_16_20,4,4,_r_3_12_14,1,1
345,_r_19_22,4,4,_r_3_14_86_87,1,1
346,_r_1_2_3_4,4,4,_r_3_17_22,1,1
347,_r_1_30,4,4,_r_3_17_95_96,1,1
348,_r_1_33,4,4,_r_3_23,1,1
349,_r_1_40,4,4,_r_3_24_25_29,1,1
350,_r_1_4_6,4,4,_r_3_27_28_29,1,1
351,_r_1_5_17,4,4,_r_3_4_6,1,1
352,_r_1_5_7,4,4,_r_3_7_18_20_22,1,1
353,_r_1_6_9,4,4,_r_3_7_19_35_37,1,1
354,_r_1_9_11,4,4,_r_3_7_19_35_38,1,1
355,_r_26_29,4,4,_r_3_8_46,1,1
356,_r_29_30,4,4,_r_40_41_45,1,1
357,_r_2_11_13,4,4,_r_41_42_44,1,1
358,_r_2_33,4,4,_r_41_42_45,1,1
359,_r_2_3_4,4,4,_r_41_42_47,1,1
360,_r_30_33,4,4,_r_43_44_48,1,1
361,_r_33_34,4,4,_r_44_46,1,1
362,_r_3_30,4,4,_r_46_47_48,1,1
363,_r_42_45,4,4,_r_46_47_49,1,1
364,_r_43_44,4,4,_r_46_47_53,1,1
365,_r_43_45,4,4,_r_47_48_52,1,1
366,_r_4_15,4,4,_r_4_11_12,1,1
367,_r_4_17,4,4,_r_4_17_19,1,1
368,_r_4_24,4,4,_r_4_31,1,1
369,_r_4_25,4,4,_r_4_31_104_105,1,1
370,_r_4_33,4,4,_r_4_31_104_106,1,1
371,_r_4_5_8,4,4,_r_4_51_52,1,1
372,_r_50_51,4,4,_r_4_5_7,1,1
373,_r_54,4,4,_r_56_58,1,1
374,_r_56,4,4,_r_56_58_78_79,1,1
375,_r_57,4,4,_r_56_58_78_80,1,1
376,_r_5_18,4,4,_r_5_13_14_15_17,1,1
377,_r_5_20,4,4,_r_5_19_20,1,1
378,_r_61,4,4,_r_5_19_21,1,1
379,_r_65,4,4,_r_5_21_26,1,1
380,_r_6_12,4,4,_r_5_6_8,1,1
381,_r_6_26,4,4,_r_66_67,1,1
382,_r_87,4,4,_r_66_67_68_69,1,1
383,_r_9_13,4,4,_r_66_67_68_70,1,1
384,_r_9_45,4,4,_r_6_10,1,1
385,_r_9_46,4,4,_r_6_10_11,1,1
386,Access,3,3,_r_6_25,1,1
387,CROSS_COMPILER_PREFIX,3,3,_r_6_46_47,1,1
388,Catalog,3,3,_r_6_46_48,1,1
389,Collaboration,3,3,_r_6_46_49,1,1
390,Creation Mode,3,3,_r_6_46_50,1,1
391,Decision-Making,3,3,_r_6_7,1,1
392,E-Collaboration Common Services,3,3,_r_6_8_12,1,1
393,E-Collaboration Model,3,3,_r_7,1,1
394,F_7VrD0tiQKJ4zwqsbKWfIGhwltVa7Oqd,3,3,_r_7_11_12_14,1,1
395,F_881MGC0zz07ShR3Z6pm0Mc3eQv6R3F,3,3,_r_7_11_12_15,1,1
396,F_eKLlvdck8q46rkBCm7EBEPdhZea1aJq,3,3,_r_7_11_12_16,1,1
397,PREFIX,3,3,_r_7_11_13,1,1
398,Process Specific,3,3,_r_7_11_13_17,1,1
399,Smart Governance Services,3,3,_r_7_11_13_18,1,1
400,_id_1,3,3,_r_8_14_15,1,1
401,_id_5,3,3,_r_9_198_199_201,1,1
402,_r14,3,3,_r_9_198_199_201_209,1,1
403,_r16,3,3,_r_9_198_199_201_209_211_212,1,1
404,_r19,3,3,_r_9_198_199_201_209_211_213,1,1
405,_r26,3,3,_r_9_198_199_201_209_211_214,1,1
406,_r31,3,3,_r_9_198_199_201_210,1,1
407,_r34,3,3,_r_9_198_199_201_210_215_216,1,1
408,_r39,3,3,_r_9_198_199_201_210_215_217,1,1
409,_r44,3,3,_r_9_198_199_201_210_215_218,1,1
410,_r47,3,3,_r_9_55,1,1
411,_r48,3,3,_r_9_55_61_62,1,1
412,_r58,3,3,_r_9_55_61_63,1,1
413,_r_10_15,3,3,_r_9_55_61_64,1,1
414,_r_10_34,3,3,compose_do_undo_redo,1,1
415,_r_11_12_13,3,3,layer_adjust_do_undo_redo,1,1
416,_r_12_16,3,3,local_multiplayer,1,1
417,_r_12_17,3,3,multiplayer,1,1
418,_r_12_27,3,3,online_multiplayer,1,1
419,_r_12_31,3,3,,,
420,_r_12_41,3,3,,,
421,_r_12_42,3,3,,,
422,_r_13_18_19,3,3,,,
423,_r_14_16,3,3,,,
424,_r_14_19,3,3,,,
425,_r_14_25,3,3,,,
426,_r_15_16_20,3,3,,,
427,_r_15_16_21,3,3,,,
428,_r_15_16_21_24,3,3,,,
429,_r_15_16_21_24_25,3,3,,,
430,_r_15_16_21_24_26,3,3,,,
431,_r_15_16_22,3,3,,,
432,_r_15_16_23,3,3,,,
433,_r_15_17_27,3,3,,,
434,_r_15_17_28,3,3,,,
435,_r_15_17_29,3,3,,,
436,_r_15_19_31,3,3,,,
437,_r_15_19_31_33,3,3,,,
438,_r_15_19_31_33_34,3,3,,,
439,_r_15_19_31_33_35,3,3,,,
440,_r_16_21,3,3,,,
441,_r_17_21,3,3,,,
442,_r_18_21,3,3,,,
443,_r_19_24,3,3,,,
444,_r_1_20_21,3,3,,,
445,_r_1_26_27,3,3,,,
446,_r_1_28,3,3,,,
447,_r_1_2_4_6,3,3,,,
448,_r_1_2_8,3,3,,,
449,_r_1_2_9,3,3,,,
450,_r_1_31,3,3,,,
451,_r_1_34,3,3,,,
452,_r_1_36,3,3,,,
453,_r_1_3_10,3,3,,,
454,_r_1_3_11,3,3,,,
455,_r_1_3_30,3,3,,,
456,_r_1_3_5,3,3,,,
457,_r_1_45,3,3,,,
458,_r_1_4_15,3,3,,,
459,_r_1_59,3,3,,,
460,_r_1_5_8,3,3,,,
461,_r_1_6_15,3,3,,,
462,_r_1_6_18,3,3,,,
463,_r_1_6_8,3,3,,,
464,_r_1_9_13,3,3,,,
465,_r_20_23,3,3,,,
466,_r_20_24,3,3,,,
467,_r_20_27,3,3,,,
468,_r_21_24,3,3,,,
469,_r_22_23_24,3,3,,,
470,_r_22_30,3,3,,,
471,_r_23_28,3,3,,,
472,_r_25_27,3,3,,,
473,_r_27_29,3,3,,,
474,_r_27_30,3,3,,,
475,_r_29_31,3,3,,,
476,_r_29_32,3,3,,,
477,_r_29_33,3,3,,,
478,_r_2_10_11,3,3,,,
479,_r_2_10_22,3,3,,,
480,_r_2_11_12,3,3,,,
481,_r_2_17_18,3,3,,,
482,_r_2_26,3,3,,,
483,_r_2_35,3,3,,,
484,_r_2_39,3,3,,,
485,_r_2_3_5,3,3,,,
486,_r_2_41,3,3,,,
487,_r_2_44,3,3,,,
488,_r_2_4_9,3,3,,,
489,_r_2_5_6,3,3,,,
490,_r_2_7_19,3,3,,,
491,_r_2_7_8,3,3,,,
492,_r_2_8_14,3,3,,,
493,_r_2_8_16,3,3,,,
494,_r_2_8_20,3,3,,,
495,_r_2_8_9,3,3,,,
496,_r_2_9_10,3,3,,,
497,_r_30_32,3,3,,,
498,_r_35_39,3,3,,,
499,_r_36_37,3,3,,,
500,_r_37_38,3,3,,,
501,_r_38_39,3,3,,,
502,_r_39_40,3,3,,,
503,_r_3_10_11,3,3,,,
504,_r_3_11_12,3,3,,,
505,_r_3_12_13,3,3,,,
506,_r_3_28,3,3,,,
507,_r_3_37,3,3,,,
508,_r_3_4_5,3,3,,,
509,_r_43_46,3,3,,,
510,_r_47_48,3,3,,,
511,_r_47_49,3,3,,,
512,_r_48_49,3,3,,,
513,_r_48_50,3,3,,,
514,_r_4_10,3,3,,,
515,_r_4_11_13,3,3,,,
516,_r_4_13_14,3,3,,,
517,_r_4_16,3,3,,,
518,_r_4_23,3,3,,,
519,_r_4_36,3,3,,,
520,_r_4_37,3,3,,,
521,_r_4_39,3,3,,,
522,_r_4_45,3,3,,,
523,_r_4_64,3,3,,,
524,_r_4_64_65,3,3,,,
525,_r_4_64_77,3,3,,,
526,_r_4_6_8,3,3,,,
527,_r_4_9,3,3,,,
528,_r_50_53,3,3,,,
529,_r_55,3,3,,,
530,_r_56_57,3,3,,,
531,_r_5_11,3,3,,,
532,_r_5_15,3,3,,,
533,_r_5_25,3,3,,,
534,_r_5_35,3,3,,,
535,_r_5_36,3,3,,,
536,_r_5_41,3,3,,,
537,_r_60,3,3,,,
538,_r_6_17,3,3,,,
539,_r_6_29,3,3,,,
540,_r_6_39,3,3,,,
541,_r_6_62,3,3,,,
542,_r_6_7_8,3,3,,,
543,_r_6_88,3,3,,,
544,_r_71,3,3,,,
545,_r_74,3,3,,,
546,_r_76,3,3,,,
547,_r_77,3,3,,,
548,_r_7_43,3,3,,,
549,_r_7_8_12,3,3,,,
550,_r_7_9_10,3,3,,,
551,_r_7_9_10_11,3,3,,,
552,_r_7_9_10_11_12,3,3,,,
553,_r_7_9_10_11_14,3,3,,,
554,_r_7_9_10_11_15,3,3,,,
555,_r_82,3,3,,,
556,_r_8_11,3,3,,,
557,_r_8_20,3,3,,,
558,_r_8_39,3,3,,,
559,_r_8_39_40,3,3,,,
560,_r_8_9_10,3,3,,,
561,_r_9_10_13,3,3,,,
562,_r_9_14,3,3,,,
563,_r_9_45_47,3,3,,,
564,_r_9_45_48,3,3,,,
565,Administration,2,2,,,
566,BUSYBOX_EXEC_PATH,2,2,,,
567,Basicinformation,2,2,,,
568,Board,2,2,,,
569,Businessmanagement,2,2,,,
570,Buypaths,2,2,,,
571,Buypaths_4,2,2,,,
572,Cartcontentpage,2,2,,,
573,Checkout,2,2,,,
574,Checkouttype,2,2,,,
575,Contentmanagement,2,2,,,
576,DEFAULT_DEPMOD_FILE,2,2,,,
577,DEFAULT_MODULES_DIR,2,2,,,
578,DMALLOC_alt,2,2,,,
579,Diagnosis,2,2,,,
580,DigitalDialing,2,2,,,
581,Doing,2,2,,,
582,Doing_Cycle_Time,2,2,,,
583,Domainnamesetup,2,2,,,
584,E-Collaboration Process,2,2,,,
585,EXTRA_CFLAGS,2,2,,,
586,FEATURE_BASH_IS_HUSH_alt,2,2,,,
587,FEATURE_BUFFERS_GO_IN_BSS_alt,2,2,,,
588,FEATURE_COPYBUF_KB,2,2,,,
589,FEATURE_SH_IS_HUSH_alt,2,2,,,
590,F_6aQMDA__Q9jfpw9F66NjizmG1QTJHolT,2,2,,,
591,F_9gMej_CWNsrHG2vJ_ue92XuOWcUfk7RW,2,2,,,
592,F_QWENadMdTq9EPEYucFXiemaf4SpYreT,2,2,,,
593,F_YYbH9ZBDxO9HzJUMItSN0Mu6wi8wQ_gj,2,2,,,
594,F_u3NLZKSnTX9Z_VjGpL11jvNyjgSw8Z_x,2,2,,,
595,F_wCb7z_QGeAgQbo6Tr8ojlMXMPuMXVtNx,2,2,,,
596,Fulfillment,2,2,,,
597,GUI,2,2,,,
598,Generallayoutmanagement,2,2,,,
599,IFUPDOWN_UDHCPC_CMD_OPTIONS,2,2,,,
600,INSTALL_APPLET_DONT_alt,2,2,,,
601,INSTALL_SH_APPLET_SCRIPT_WRAPPER_alt,2,2,,,
602,Idioma,2,2,,,
603,Initialization,2,2,,,
604,Inventorymanagementpolicy,2,2,,,
605,MD5_SIZE_VS_SPEED,2,2,,,
606,Menu,2,2,,,
607,Orderconfirmation,2,2,,,
608,Ordermanagement,2,2,,,
609,Organizational Services,2,2,,,
610,PASSWORD_MINLEN,2,2,,,
611,Paymentoptions,2,2,,,
612,Paymenttypes,2,2,,,
613,PhoneOrdering,2,2,,,
614,Point,2,2,,,
615,Presentationoptions,2,2,,,
616,ProductInformation,2,2,,,
617,Productdatabasemanagement,2,2,,,
618,Producttype,2,2,,,
619,Rectangle,2,2,,,
620,Searchengineregistration,2,2,,,
621,Shoppingcart,2,2,,,
622,Sitesearch,2,2,,,
623,Storeadministration,2,2,,,
624,Storefront,2,2,,,
625,Systems Integration,2,2,,,
626,TargetAudience,2,2,,,
627,Taxationoptions,2,2,,,
628,UDHCPC_DEFAULT_SCRIPT,2,2,,,
629,UDHCPC_SLACK_FOR_BUGGY_SERVERS,2,2,,,
630,UDHCP_DEBUG,2,2,,,
631,VisualizationLibrary,2,2,,,
632,__r_21,2,2,,,
633,_id_11,2,2,,,
634,_id_2,2,2,,,
635,_id_6,2,2,,,
636,_r102,2,2,,,
637,_r108,2,2,,,
638,_r112,2,2,,,
639,_r113,2,2,,,
640,_r120,2,2,,,
641,_r121,2,2,,,
642,_r130,2,2,,,
643,_r131,2,2,,,
644,_r135,2,2,,,
645,_r140,2,2,,,
646,_r146,2,2,,,
647,_r17,2,2,,,
648,_r170,2,2,,,
649,_r32,2,2,,,
650,_r36,2,2,,,
651,_r37,2,2,,,
652,_r38,2,2,,,
653,_r45,2,2,,,
654,_r46,2,2,,,
655,_r49,2,2,,,
656,_r50,2,2,,,
657,_r54,2,2,,,
658,_r55,2,2,,,
659,_r61,2,2,,,
660,_r63,2,2,,,
661,_r7,2,2,,,
662,_r70,2,2,,,
663,_r71,2,2,,,
664,_r73,2,2,,,
665,_r74,2,2,,,
666,_r76,2,2,,,
667,_r78,2,2,,,
668,_r84,2,2,,,
669,_r_101,2,2,,,
670,_r_109,2,2,,,
671,_r_10_11_12,2,2,,,
672,_r_10_15_16,2,2,,,
673,_r_10_17,2,2,,,
674,_r_10_18,2,2,,,
675,_r_10_19,2,2,,,
676,_r_10_33,2,2,,,
677,_r_10_35,2,2,,,
678,_r_110,2,2,,,
679,_r_11_14_15,2,2,,,
680,_r_11_15,2,2,,,
681,_r_11_21,2,2,,,
682,_r_11_34,2,2,,,
683,_r_12_14_15,2,2,,,
684,_r_12_15,2,2,,,
685,_r_12_18,2,2,,,
686,_r_12_20,2,2,,,
687,_r_12_24,2,2,,,
688,_r_12_25,2,2,,,
689,_r_12_26,2,2,,,
690,_r_13_14_15,2,2,,,
691,_r_13_24,2,2,,,
692,_r_13_33,2,2,,,
693,_r_13_35_36,2,2,,,
694,_r_13_35_36_37_38,2,2,,,
695,_r_13_35_36_39_40,2,2,,,
696,_r_14_24,2,2,,,
697,_r_14_25_26,2,2,,,
698,_r_15_18,2,2,,,
699,_r_15_32,2,2,,,
700,_r_16_24,2,2,,,
701,_r_16_26,2,2,,,
702,_r_17_18_20,2,2,,,
703,_r_17_18_21,2,2,,,
704,_r_17_19,2,2,,,
705,_r_17_30,2,2,,,
706,_r_17_30_31,2,2,,,
707,_r_17_30_32,2,2,,,
708,_r_17_31,2,2,,,
709,_r_18_43,2,2,,,
710,_r_19_21_23,2,2,,,
711,_r_19_35,2,2,,,
712,_r_19_38,2,2,,,
713,_r_1_10_11,2,2,,,
714,_r_1_10_12,2,2,,,
715,_r_1_11_12,2,2,,,
716,_r_1_12_13,2,2,,,
717,_r_1_14_15,2,2,,,
718,_r_1_14_19,2,2,,,
719,_r_1_18_19,2,2,,,
720,_r_1_19_37,2,2,,,
721,_r_1_19_42,2,2,,,
722,_r_1_19_46,2,2,,,
723,_r_1_19_54,2,2,,,
724,_r_1_22_23,2,2,,,
725,_r_1_24_25,2,2,,,
726,_r_1_29_30,2,2,,,
727,_r_1_2_17,2,2,,,
728,_r_1_2_31,2,2,,,
729,_r_1_2_3_11,2,2,,,
730,_r_1_2_3_13,2,2,,,
731,_r_1_2_3_4_5,2,2,,,
732,_r_1_2_4_5,2,2,,,
733,_r_1_2_7_10,2,2,,,
734,_r_1_35,2,2,,,
735,_r_1_37_38,2,2,,,
736,_r_1_37_39,2,2,,,
737,_r_1_37_40,2,2,,,
738,_r_1_38,2,2,,,
739,_r_1_3_12,2,2,,,
740,_r_1_3_19,2,2,,,
741,_r_1_3_31,2,2,,,
742,_r_1_3_35,2,2,,,
743,_r_1_3_6,2,2,,,
744,_r_1_3_8,2,2,,,
745,_r_1_43,2,2,,,
746,_r_1_46,2,2,,,
747,_r_1_48,2,2,,,
748,_r_1_4_23,2,2,,,
749,_r_1_4_26,2,2,,,
750,_r_1_4_27,2,2,,,
751,_r_1_5_11,2,2,,,
752,_r_1_5_6,2,2,,,
753,_r_1_5_9,2,2,,,
754,_r_1_6_10,2,2,,,
755,_r_1_6_11,2,2,,,
756,_r_1_6_21,2,2,,,
757,_r_1_6_59,2,2,,,
758,_r_1_72,2,2,,,
759,_r_1_76,2,2,,,
760,_r_1_7_11,2,2,,,
761,_r_1_7_19,2,2,,,
762,_r_1_7_9,2,2,,,
763,_r_1_8_9,2,2,,,
764,_r_1_9_10,2,2,,,
765,_r_1_9_14,2,2,,,
766,_r_20_27_28,2,2,,,
767,_r_20_32,2,2,,,
768,_r_20_32_41,2,2,,,
769,_r_21_22,2,2,,,
770,_r_21_23,2,2,,,
771,_r_21_24_25,2,2,,,
772,_r_22_25,2,2,,,
773,_r_22_25_26,2,2,,,
774,_r_22_27_28,2,2,,,
775,_r_22_29_30,2,2,,,
776,_r_22_31_32,2,2,,,
777,_r_23_27,2,2,,,
778,_r_25_28,2,2,,,
779,_r_25_29,2,2,,,
780,_r_26_27_28,2,2,,,
781,_r_26_28,2,2,,,
782,_r_26_30,2,2,,,
783,_r_27_28_29,2,2,,,
784,_r_27_41,2,2,,,
785,_r_27_44,2,2,,,
786,_r_27_48,2,2,,,
787,_r_27_49,2,2,,,
788,_r_28_38,2,2,,,
789,_r_28_43,2,2,,,
790,_r_2_10_12,2,2,,,
791,_r_2_10_23,2,2,,,
792,_r_2_11_15,2,2,,,
793,_r_2_15_16,2,2,,,
794,_r_2_20_21,2,2,,,
795,_r_2_22_23,2,2,,,
796,_r_2_23_24,2,2,,,
797,_r_2_26_27,2,2,,,
798,_r_2_29,2,2,,,
799,_r_2_31,2,2,,,
800,_r_2_35_36,2,2,,,
801,_r_2_37,2,2,,,
802,_r_2_38,2,2,,,
803,_r_2_3_6,2,2,,,
804,_r_2_3_7,2,2,,,
805,_r_2_41_42,2,2,,,
806,_r_2_42,2,2,,,
807,_r_2_44_46,2,2,,,
808,_r_2_45,2,2,,,
809,_r_2_47,2,2,,,
810,_r_2_47_48,2,2,,,
811,_r_2_49,2,2,,,
812,_r_2_4_5,2,2,,,
813,_r_2_4_8,2,2,,,
814,_r_2_4_8_10,2,2,,,
815,_r_2_4_8_11,2,2,,,
816,_r_2_52,2,2,,,
817,_r_2_52_53,2,2,,,
818,_r_2_54,2,2,,,
819,_r_2_62,2,2,,,
820,_r_2_6_10,2,2,,,
821,_r_2_6_7,2,2,,,
822,_r_2_7_12,2,2,,,
823,_r_2_7_18,2,2,,,
824,_r_2_8_10,2,2,,,
825,_r_2_8_13,2,2,,,
826,_r_2_8_18,2,2,,,
827,_r_2_8_22,2,2,,,
828,_r_2_8_23,2,2,,,
829,_r_2_9_19,2,2,,,
830,_r_2_9_25,2,2,,,
831,_r_2_9_26,2,2,,,
832,_r_30_34,2,2,,,
833,_r_31_33,2,2,,,
834,_r_31_34,2,2,,,
835,_r_31_35,2,2,,,
836,_r_31_42,2,2,,,
837,_r_33_36,2,2,,,
838,_r_33_38,2,2,,,
839,_r_34_35,2,2,,,
840,_r_34_49_50,2,2,,,
841,_r_34_51_52,2,2,,,
842,_r_34_51_52_56_57,2,2,,,
843,_r_34_51_52_58_59,2,2,,,
844,_r_34_53_54,2,2,,,
845,_r_34_53_54_60_61,2,2,,,
846,_r_34_53_54_62_63,2,2,,,
847,_r_35_37,2,2,,,
848,_r_35_38,2,2,,,
849,_r_35_40,2,2,,,
850,_r_35_41,2,2,,,
851,_r_35_43,2,2,,,
852,_r_36_38,2,2,,,
853,_r_37_39,2,2,,,
854,_r_38_40,2,2,,,
855,_r_38_41,2,2,,,
856,_r_39_41,2,2,,,
857,_r_39_42,2,2,,,
858,_r_39_43,2,2,,,
859,_r_39_64,2,2,,,
860,_r_3_10_13,2,2,,,
861,_r_3_10_15,2,2,,,
862,_r_3_10_16,2,2,,,
863,_r_3_10_17,2,2,,,
864,_r_3_14_15,2,2,,,
865,_r_3_14_16,2,2,,,
866,_r_3_16_17,2,2,,,
867,_r_3_21_33,2,2,,,
868,_r_3_22_29,2,2,,,
869,_r_3_25_26,2,2,,,
870,_r_3_29,2,2,,,
871,_r_3_33,2,2,,,
872,_r_3_35,2,2,,,
873,_r_3_42,2,2,,,
874,_r_3_48,2,2,,,
875,_r_3_57,2,2,,,
876,_r_3_58_59,2,2,,,
877,_r_3_62_63,2,2,,,
878,_r_3_66,2,2,,,
879,_r_3_81,2,2,,,
880,_r_3_94,2,2,,,
881,_r_3_9_10,2,2,,,
882,_r_3_9_14,2,2,,,
883,_r_41_42_45,2,2,,,
884,_r_42_44,2,2,,,
885,_r_43_44_46,2,2,,,
886,_r_43_44_47,2,2,,,
887,_r_43_45_48,2,2,,,
888,_r_43_45_49,2,2,,,
889,_r_43_47,2,2,,,
890,_r_44_45,2,2,,,
891,_r_48_51,2,2,,,
892,_r_4_11_14,2,2,,,
893,_r_4_12,2,2,,,
894,_r_4_13,2,2,,,
895,_r_4_14,2,2,,,
896,_r_4_18_19,2,2,,,
897,_r_4_18_20,2,2,,,
898,_r_4_18_22,2,2,,,
899,_r_4_22,2,2,,,
900,_r_4_27,2,2,,,
901,_r_4_40,2,2,,,
902,_r_4_41,2,2,,,
903,_r_4_41_43,2,2,,,
904,_r_4_47,2,2,,,
905,_r_4_49,2,2,,,
906,_r_4_50,2,2,,,
907,_r_4_6_11,2,2,,,
908,_r_4_6_12,2,2,,,
909,_r_4_7_8,2,2,,,
910,_r_4_8_48,2,2,,,
911,_r_50_52,2,2,,,
912,_r_51_52,2,2,,,
913,_r_51_54,2,2,,,
914,_r_52_54,2,2,,,
915,_r_52_55,2,2,,,
916,_r_59,2,2,,,
917,_r_5_10_11,2,2,,,
918,_r_5_12_13,2,2,,,
919,_r_5_13_14,2,2,,,
920,_r_5_17,2,2,,,
921,_r_5_25_26,2,2,,,
922,_r_5_26,2,2,,,
923,_r_5_27_28,2,2,,,
924,_r_5_28,2,2,,,
925,_r_5_38,2,2,,,
926,_r_5_42,2,2,,,
927,_r_5_43,2,2,,,
928,_r_60_61,2,2,,,
929,_r_64_65,2,2,,,
930,_r_64_65_89_90,2,2,,,
931,_r_64_65_91_92,2,2,,,
932,_r_64_66,2,2,,,
933,_r_64_66_69_70,2,2,,,
934,_r_64_66_71_72,2,2,,,
935,_r_64_66_73_74,2,2,,,
936,_r_64_66_75_76,2,2,,,
937,_r_64_66_77_78,2,2,,,
938,_r_64_67,2,2,,,
939,_r_64_67_79_80,2,2,,,
940,_r_64_67_81_82,2,2,,,
941,_r_64_67_83_84,2,2,,,
942,_r_64_67_85_86,2,2,,,
943,_r_64_67_87_88,2,2,,,
944,_r_65_66,2,2,,,
945,_r_67,2,2,,,
946,_r_6_19,2,2,,,
947,_r_6_20,2,2,,,
948,_r_6_20_21,2,2,,,
949,_r_6_30,2,2,,,
950,_r_6_50,2,2,,,
951,_r_6_52,2,2,,,
952,_r_6_53,2,2,,,
953,_r_6_54,2,2,,,
954,_r_6_60,2,2,,,
955,_r_6_73,2,2,,,
956,_r_6_76,2,2,,,
957,_r_6_81,2,2,,,
958,_r_6_83,2,2,,,
959,_r_6_9_10,2,2,,,
960,_r_70,2,2,,,
961,_r_71_100,2,2,,,
962,_r_73,2,2,,,
963,_r_75,2,2,,,
964,_r_7_15,2,2,,,
965,_r_7_25,2,2,,,
966,_r_7_30,2,2,,,
967,_r_7_34,2,2,,,
968,_r_7_8_12_13,2,2,,,
969,_r_7_8_12_14,2,2,,,
970,_r_7_8_12_15,2,2,,,
971,_r_7_8_9,2,2,,,
972,_r_7_8_9_10,2,2,,,
973,_r_83,2,2,,,
974,_r_85,2,2,,,
975,_r_87_88,2,2,,,
976,_r_8_12,2,2,,,
977,_r_8_13,2,2,,,
978,_r_8_19,2,2,,,
979,_r_8_19_20,2,2,,,
980,_r_8_21_22,2,2,,,
981,_r_8_22,2,2,,,
982,_r_8_23_24,2,2,,,
983,_r_8_24,2,2,,,
984,_r_8_35,2,2,,,
985,_r_8_9_12,2,2,,,
986,_r_92,2,2,,,
987,_r_97,2,2,,,
988,_r_9_10_14,2,2,,,
989,_r_9_11_16,2,2,,,
990,_r_9_11_17,2,2,,,
991,_r_9_15,2,2,,,
992,_r_9_17,2,2,,,
993,_r_9_19,2,2,,,
994,_r_9_22,2,2,,,
995,_r_9_22_24,2,2,,,
996,_r_9_22_25,2,2,,,
997,_r_9_31,2,2,,,
998,_r_9_32,2,2,,,
999,_r_9_36,2,2,,,
1000,admin,2,2,,,
1001,courses,2,2,,,
1002,interface,2,2,,,
1003,media,2,2,,,
1004,session_type,2,2,,,
1005,AI,1,1,,,
1006,API,1,1,,,
1007,ARCH_WANTS_LITTLE_ENDIAN_alt,1,1,,,
1008,AccountTypeSupport,1,1,,,
1009,Accounts,1,1,,,
1010,AcercaDe,1,1,,,
1011,AerodynamicProfile,1,1,,,
1012,AnimationLoop,1,1,,,
1013,Animation_Loop,1,1,,,
1014,Apariencia,1,1,,,
1015,AppVariantMode,1,1,,,
1016,AttributesCD,1,1,,,
1017,AttributesOD,1,1,,,
1018,Autenticacion,1,1,,,
1019,Autentication,1,1,,,
1020,Base Structure,1,1,,,
1021,Base system,1,1,,,
1022,Base temperature,1,1,,,
1023,Blades,1,1,,,
1024,Buffer_Manager,1,1,,,
1025,CDSemantics,1,1,,,
1026,CDSemantics_33,1,1,,,
1027,CONFIG_386_alt,1,1,,,
1028,CONFIG_ARM926T_alt,1,1,,,
1029,CONFIG_ARM_EABI_alt,1,1,,,
1030,CONFIG_AVR32_AP7,1,1,,,
1031,CONFIG_AVR32_AP7_alt,1,1,,,
1032,CONFIG_BIGINT_MONTGOMERY_alt,1,1,,,
1033,CONFIG_BIGINT_SQUARE,1,1,,,
1034,CONFIG_BINDINGS,1,1,,,
1035,CONFIG_CLASSIC_alt,1,1,,,
1036,CONFIG_CRISV32_alt,1,1,,,
1037,CONFIG_DOT_NET_FRAMEWORK_BASE,1,1,,,
1038,CONFIG_EXTRA_CFLAGS_OPTIONS,1,1,,,
1039,CONFIG_EXTRA_LDFLAGS_OPTIONS,1,1,,,
1040,CONFIG_H8S_alt,1,1,,,
1041,CONFIG_HTTP_HTTPS_PORT,1,1,,,
1042,CONFIG_HTTP_PORT,1,1,,,
1043,CONFIG_HTTP_SESSION_CACHE_SIZE,1,1,,,
1044,CONFIG_HTTP_TIMEOUT,1,1,,,
1045,CONFIG_HTTP_WEBROOT,1,1,,,
1046,CONFIG_MIPS_ISA_1_alt,1,1,,,
1047,CONFIG_MIPS_O32_ABI_alt,1,1,,,
1048,CONFIG_PLATFORM_LINUX_alt,1,1,,,
1049,CONFIG_SH4_alt,1,1,,,
1050,CONFIG_SH5,1,1,,,
1051,CONFIG_SH5_alt,1,1,,,
1052,CONFIG_SPARC_V9_alt,1,1,,,
1053,CONFIG_SSL_CERT_VERIFICATION_alt,1,1,,,
1054,CONFIG_SSL_EXPIRY_TIME,1,1,,,
1055,CONFIG_SSL_HAS_PEM,1,1,,,
1056,CONFIG_SSL_MAX_CERTS,1,1,,,
1057,CONFIG_SSL_PRIVATE_KEY_PASSWORD,1,1,,,
1058,CONFIG_SSL_PROT_HIGH_alt,1,1,,,
1059,CONFIG_SSL_X509_CERT_LOCATION,1,1,,,
1060,CONFIG_VISUAL_STUDIO_7_0_BASE,1,1,,,
1061,CONFIG_VISUAL_STUDIO_8_0_BASE,1,1,,,
1062,CONFIG_VISUAL_STUDIO_8_0_alt,1,1,,,
1063,CONFIG_X509_MAX_CA_CERTS,1,1,,,
1064,CPU,1,1,,,
1065,Castle,1,1,,,
1066,Channel,1,1,,,
1067,Cheese,1,1,,,
1068,ClassDiagram,1,1,,,
1069,Class_Diagram,1,1,,,
1070,ClassesCD,1,1,,,
1071,Collaborative Process,1,1,,,
1072,CompletenessCD,1,1,,,
1073,CompletenessOD,1,1,,,
1074,Comunidad,1,1,,,
1075,Configuration constants,1,1,,,
1076,Connection,1,1,,,
1077,CoreFinance,1,1,,,
1078,Crop,1,1,,,
1079,DB,1,1,,,
1080,DEFAULTS_3COM_XCOPILOT_alt,1,1,,,
1081,DEFAULTS_ACTIONTEC_DPCM,1,1,,,
1082,DEFAULTS_ACTIONTEC_DPCM_alt,1,1,,,
1083,DEFAULTS_ADI_COYOTE,1,1,,,
1084,DEFAULTS_ADI_COYOTE_alt,1,1,,,
1085,DEFAULTS_AKIZUKI_AE3068,1,1,,,
1086,DEFAULTS_AKIZUKI_AE3068_alt,1,1,,,
1087,DEFAULTS_ALTERA_NIOS2NOMMU,1,1,,,
1088,DEFAULTS_ALTERA_NIOS2NOMMU_alt,1,1,,,
1089,DEFAULTS_APPLE_IPOD,1,1,,,
1090,DEFAULTS_APPLE_IPOD_alt,1,1,,,
1091,DEFAULTS_ARCTURUS_UC68VZ328_8E8L33_alt,1,1,,,
1092,DEFAULTS_ARNEWSH_M5307_alt,1,1,,,
1093,DEFAULTS_ATHEROS_PB42,1,1,,,
1094,DEFAULTS_ATHEROS_PB42_alt,1,1,,,
1095,DEFAULTS_ATMARKTECHNO_SUZAKU_alt,1,1,,,
1096,DEFAULTS_ATMEL_AT91,1,1,,,
1097,DEFAULTS_ATMEL_AT91_alt,1,1,,,
1098,DEFAULTS_AVNET_AVNET5282,1,1,,,
1099,DEFAULTS_AVNET_AVNET5282_alt,1,1,,,
1100,DEFAULTS_CIRRUS_EDB9312,1,1,,,
1101,DEFAULTS_CIRRUS_EDB9312_alt,1,1,,,
1102,DEFAULTS_COGENT_CSB337,1,1,,,
1103,DEFAULTS_COGENT_CSB337_alt,1,1,,,
1104,DEFAULTS_CONEXANT_P52_alt,1,1,,,
1105,DEFAULTS_CWLINUX_CWEZ328_alt,1,1,,,
1106,DEFAULTS_CYBERGUARD_SE5100_alt,1,1,,,
1107,DEFAULTS_CYTEK_NETMP3,1,1,,,
1108,DEFAULTS_CYTEK_NETMP3_alt,1,1,,,
1109,DEFAULTS_EMAC_SOM5282EM,1,1,,,
1110,DEFAULTS_EMAC_SOM5282EM_alt,1,1,,,
1111,DEFAULTS_ESPD_4510B,1,1,,,
1112,DEFAULTS_ESPD_4510B_alt,1,1,,,
1113,DEFAULTS_ETSEC_GATEWAY,1,1,,,
1114,DEFAULTS_ETSEC_GATEWAY_alt,1,1,,,
1115,DEFAULTS_EXYS_DE2,1,1,,,
1116,DEFAULTS_EXYS_DE2_alt,1,1,,,
1117,DEFAULTS_FEITH_SCALES_alt,1,1,,,
1118,DEFAULTS_FREESCALE_M5206EC3_alt,1,1,,,
1119,DEFAULTS_FUTURE_FUTURENETBURNER5282BADGE,1,1,,,
1120,DEFAULTS_FUTURE_FUTURENETBURNER5282BADGE_alt,1,1,,,
1121,DEFAULTS_GDB_ARMULATOR_alt,1,1,,,
1122,DEFAULTS_HITACHI_EDOSK2674_alt,1,1,,,
1123,DEFAULTS_IMT_MWI,1,1,,,
1124,DEFAULTS_IMT_MWI_alt,1,1,,,
1125,DEFAULTS_INSIGHT_XC2V1K_MICROBLAZE_alt,1,1,,,
1126,DEFAULTS_INTEC_WILDFIREMOD_alt,1,1,,,
1127,DEFAULTS_INTEL_TOLAPAI_EP80579_alt,1,1,,,
1128,DEFAULTS_KERNEL_2_0_alt,1,1,,,
1129,DEFAULTS_LEOX_TSIM,1,1,,,
1130,DEFAULTS_LEOX_TSIM_alt,1,1,,,
1131,DEFAULTS_LIBC_NONE_alt,1,1,,,
1132,DEFAULTS_MCAFEE_SG590_alt,1,1,,,
1133,DEFAULTS_MECEL_FR1000,1,1,,,
1134,DEFAULTS_MECEL_FR1000_alt,1,1,,,
1135,DEFAULTS_MICREL_KS8695_alt,1,1,,,
1136,DEFAULTS_MIDAS_RTE_V850E_MA1_CB_alt,1,1,,,
1137,DEFAULTS_NEC_ANNA_alt,1,1,,,
1138,DEFAULTS_NETBURNER_CFV240_alt,1,1,,,
1139,DEFAULTS_NETSILICON_NET_ARM,1,1,,,
1140,DEFAULTS_NETSILICON_NET_ARM_alt,1,1,,,
1141,DEFAULTS_NINTENDO_GBA,1,1,,,
1142,DEFAULTS_NINTENDO_GBA_alt,1,1,,,
1143,DEFAULTS_NXP_LPC28XX,1,1,,,
1144,DEFAULTS_NXP_LPC28XX_alt,1,1,,,
1145,DEFAULTS_OPENCORES_OR32,1,1,,,
1146,DEFAULTS_OPENCORES_OR32_alt,1,1,,,
1147,DEFAULTS_OPENGEAR_CM41XX_alt,1,1,,,
1148,DEFAULTS_PHILIPS_LPC2200_alt,1,1,,,
1149,DEFAULTS_PROMISE_SX6,1,1,,,
1150,DEFAULTS_PROMISE_SX6_alt,1,1,,,
1151,DEFAULTS_SAMSUNG_4510B,1,1,,,
1152,DEFAULTS_SAMSUNG_4510B_alt,1,1,,,
1153,DEFAULTS_SAVANT_ROSIE1,1,1,,,
1154,DEFAULTS_SAVANT_ROSIE1_alt,1,1,,,
1155,DEFAULTS_SECURECOMPUTING_SE5100_alt,1,1,,,
1156,DEFAULTS_SECUREEDGE_ELIA_alt,1,1,,,
1157,DEFAULTS_SENTEC_COBRA5329_alt,1,1,,,
1158,DEFAULTS_SERRA_MFC3000,1,1,,,
1159,DEFAULTS_SERRA_MFC3000_alt,1,1,,,
1160,DEFAULTS_SIGNAL_MCP751,1,1,,,
1161,DEFAULTS_SIGNAL_MCP751_alt,1,1,,,
1162,DEFAULTS_SIMTEC_EB675001DIP_SSH_alt,1,1,,,
1163,DEFAULTS_SIMTEC_alt,1,1,,,
1164,DEFAULTS_SNAPGEAR_SME530_alt,1,1,,,
1165,DEFAULTS_SNEHA_CPU16B,1,1,,,
1166,DEFAULTS_SNEHA_CPU16B_alt,1,1,,,
1167,DEFAULTS_SOEKRIS_NET4801,1,1,,,
1168,DEFAULTS_SOEKRIS_NET4801_alt,1,1,,,
1169,DEFAULTS_SONY_CLIE,1,1,,,
1170,DEFAULTS_SONY_CLIE_alt,1,1,,,
1171,DEFAULTS_SSV_DNP5280,1,1,,,
1172,DEFAULTS_SSV_DNP5280_alt,1,1,,,
1173,DEFAULTS_STRAWBERRYLINUX_H8MAX,1,1,,,
1174,DEFAULTS_STRAWBERRYLINUX_H8MAX_alt,1,1,,,
1175,DEFAULTS_SWARM_SWARM,1,1,,,
1176,DEFAULTS_SWARM_SWARM_alt,1,1,,,
1177,DEFAULTS_TELEIP_RSC,1,1,,,
1178,DEFAULTS_TELEIP_RSC_alt,1,1,,,
1179,DEFAULTS_TI_DM270_alt,1,1,,,
1180,DEFAULTS_TRISCEND_DEVA7_alt,1,1,,,
1181,DEFAULTS_UNITAB_SG310,1,1,,,
1182,DEFAULTS_UNITAB_SG310_alt,1,1,,,
1183,DEFAULTS_VIA_EPIA,1,1,,,
1184,DEFAULTS_VIA_EPIA_alt,1,1,,,
1185,DEFAULTS_WEISS_SM2010,1,1,,,
1186,DEFAULTS_WEISS_SM2010_alt,1,1,,,
1187,DEFAULTS_XILINX_UCLINUX_AUTO_alt,1,1,,,
1188,DESIRED_TARGET_ARCH,1,1,,,
1189,DEVEL_PREFIX,1,1,,,
1190,DISTVERSION,1,1,,,
1191,DailyTMax,1,1,,,
1192,DailyTMin,1,1,,,
1193,Dashboard,1,1,,,
1194,DataRelationship,1,1,,,
1195,DataSet,1,1,,,
1196,DefaultCategories,1,1,,,
1197,DelayBlock_23,1,1,,,
1198,DetalleMonumento,1,1,,,
1199,Directionality,1,1,,,
1200,DiscoDuro,1,1,,,
1201,Display,1,1,,,
1202,DisplayCurrency,1,1,,,
1203,Donaciones,1,1,,,
1204,Dripper flow rate,1,1,,,
1205,Element_Type,1,1,,,
1206,EmptyOMCD,1,1,,,
1207,EmptyOMOD,1,1,,,
1208,EnRuta,1,1,,,
1209,Error,1,1,,,
1210,Espanol,1,1,,,
1211,ExitGame,1,1,,,
1212,Exit_Game,1,1,,,
1213,ExpenseTransactions,1,1,,,
1214,F_0QmLFzSg9vW996NvH8yZu37o6pX_AV_K,1,1,,,
1215,F_4daiK7KZ69jd6sOl4l8nnltdGubaqReN,1,1,,,
1216,F_6IHIGtPrclUUPpFrP_n5yyRXpPrH8a_z,1,1,,,
1217,F_7VrD0_tiQKJ4zwqsbKWfIGhwltVa7Oqd,1,1,,,
1218,F_84hFZa6tFjYuPziBLSzFvmbJ1Y68Ki0u,1,1,,,
1219,F_881MGC0zz07ShR_3Z6pm0Mc_3eQv6R3F,1,1,,,
1220,F_CKQYjMSN2vGfTasaJbzLRsJDnh6QYEqz,1,1,,,
1221,F_DFQlVobW7mchsJb6KP1oKECEtISjiDBX,1,1,,,
1222,F_GScOSUr3hrbdn9_rOgKnhUAxDLUyqXG5,1,1,,,
1223,F_Iw9llUh7xVq3QBA82MA_LB9gURpscyPk,1,1,,,
1224,F_K8DbZtFgUSs9wIjTWKjuaMtJ5dexTjVx,1,1,,,
1225,F_KJmyyNTslVaem5ksCY_KYa8DFmvOhkMl,1,1,,,
1226,F_KXLUem1AGIdaWDaeiEVYMJG5BXauUuXU,1,1,,,
1227,F_LRTUclLrrtd7SXjyxU9e_2th5ajpTmDL,1,1,,,
1228,F_N5Lt8wPgLitlbRmG_712_LEYLZnIY_w2,1,1,,,
1229,F_Tg757a0xEmB1_S4ckdX1UsTT6gliFbWQ,1,1,,,
1230,F_TtYCiLLfEAP6kzTybrJuRGoRrHVcxfOw,1,1,,,
1231,F_VPefx3Q0_4kIweFNvDrVnOMvzKcidNlU,1,1,,,
1232,F_dkY4JxhDATOywQL7GwFD7U7flL0bUJby,1,1,,,
1233,F_eEVa6Jht3RcqR35e5UPjOuHGPqJQvEhO,1,1,,,
1234,F_eKLlvdck8q46rkBCm7EBEPdhZe_a1aJq,1,1,,,
1235,F_gkEltCN_VBzJqxo9MlvUSx5R_5jKcIoq,1,1,,,
1236,F_kK65Fgyt8nWkzKDPpW2_HsMR5mRz1Xxy,1,1,,,
1237,F_mThg3jNnnkpkkmDUIS7TTA_RM9ojlI84,1,1,,,
1238,F_nQVsZx8e9hn6lo8FgHYlZ7pc7drQKPqy,1,1,,,
1239,F_oaaw_o22DF9f2hYhXM57dB7Rpez1Eetv,1,1,,,
1240,F_u6oXgbdH77dhbi03w20OiXB65oGVoEE3,1,1,,,
1241,F_vBr_6gUFW1dGdCV0YxO4b3xilIXlAQy7,1,1,,,
1242,F_wLGQBdI_s79pqJg2MF1NpxTZQqQlMPOa,1,1,,,
1243,F_znJ9d57t7xD44z6km816HDBvL_cVq7mp,1,1,,,
1244,GDD,1,1,,,
1245,GLIBC_2_3_6_alt,1,1,,,
1246,GameMenu,1,1,,,
1247,GameSprite,1,1,,,
1248,GameSprite_3,1,1,,,
1249,Game_Menu,1,1,,,
1250,Geometry,1,1,,,
1251,Hub,1,1,,,
1252,IncomeTransactions,1,1,,,
1253,Information,1,1,,,
1254,Input variables,1,1,,,
1255,InstallGame,1,1,,,
1256,Install_Game,1,1,,,
1257,KERNEL_HEADERS,1,1,,,
1258,LHS/RHS,1,1,,,
1259,LIBCDIR,1,1,,,
1260,LINUXDIR,1,1,,,
1261,LINUXTHREADS_OLD_alt,1,1,,,
1262,Language,1,1,,,
1263,Linear distance between drippers,1,1,,,
1264,LinksOD,1,1,,,
1265,ListGame,1,1,,,
1266,List_Game,1,1,,,
1267,ListadoVehiculos,1,1,,,
1268,ListarMonumentos,1,1,,,
1269,Loading,1,1,,,
1270,LocalPersistence,1,1,,,
1271,MALLOC_alt,1,1,,,
1272,MULTILIB_DIR,1,1,,,
1273,ManejarEstados,1,1,,,
1274,Map,1,1,,,
1275,Mapa,1,1,,,
1276,Marca,1,1,,,
1277,Mark,1,1,,,
1278,Materials,1,1,,,
1279,MessageToDisplay,1,1,,,
1280,Messages,1,1,,,
1281,Monumentos,1,1,,,
1282,Network,1,1,,,
1283,NonDataComponents,1,1,,,
1284,NumBlades,1,1,,,
1285,ODSemantics,1,1,,,
1286,OS,1,1,,,
1287,ObjectTypingOD,1,1,,,
1288,ObjectsOD,1,1,,,
1289,Oregano,1,1,,,
1290,Organizational_Structure,1,1,,,
1291,Output variables,1,1,,,
1292,PRODUCT,1,1,,,
1293,Page,1,1,,,
1294,PantallaCDs,1,1,,,
1295,PantallaCancion,1,1,,,
1296,PantallaConfiguracion,1,1,,,
1297,Paradigm,1,1,,,
1298,Payment,1,1,,,
1299,Pitch,1,1,,,
1300,Planting date,1,1,,,
1301,Platform,1,1,,,
1302,PlayGame,1,1,,,
1303,PlayGame_1,1,1,,,
1304,Play_Game,1,1,,,
1305,PresentationConfiguration,1,1,,,
1306,PrimaryComponents,1,1,,,
1307,Procesador,1,1,,,
1308,Product Selection,1,1,,,
1309,RAM,1,1,,,
1310,RUNTIME_PREFIX,1,1,,,
1311,Radius,1,1,,,
1312,Reproduccion,1,1,,,
1313,ReproductorMusica,1,1,,,
1314,RotationDirection,1,1,,,
1315,Rule_application_strategy,1,1,,,
1316,Rule_organization,1,1,,,
1317,Rule_scheduling,1,1,,,
1318,Rule_selection,1,1,,,
1319,SO,1,1,,,
1320,SaveGame,1,1,,,
1321,Save_Game,1,1,,,
1322,SecondaryComponents,1,1,,,
1323,Settings,1,1,,,
1324,Shaft,1,1,,,
1325,ShaftDiameter,1,1,,,
1326,Soil type,1,1,,,
1327,Sonidos,1,1,,,
1328,Source-Target_relationship,1,1,,,
1329,Storage,1,1,,,
1330,Style,1,1,,,
1331,Success,1,1,,,
1332,Symmetry,1,1,,,
1333,TARGET_ARCH,1,1,,,
1334,TARGET_SUBARCH,1,1,,,
1335,TARGET_i960_alt,1,1,,,
1336,TableType,1,1,,,
1337,Tanks,1,1,,,
1338,Technology,1,1,,,
1339,Tema,1,1,,,
1340,Test,1,1,,,
1341,ThemePreference,1,1,,,
1342,Thickness,1,1,,,
1343,Threshold temperature,1,1,,,
1344,TipShape,1,1,,,
1345,Tipo,1,1,,,
1346,TipoMapa,1,1,,,
1347,Topping,1,1,,,
1348,Tracing,1,1,,,
1349,TransactionCategorization,1,1,,,
1350,Transactions,1,1,,,
1351,Transformation_rules,1,1,,,
1352,Type,1,1,,,
1353,TypesOD,1,1,,,
1354,UCLIBC_BUILD_ALL_LOCALE_alt,1,1,,,
1355,UCLIBC_BUILD_MINIMAL_LOCALE,1,1,,,
1356,UCLIBC_BUILD_MINIMAL_LOCALES,1,1,,,
1357,UCLIBC_EXTRA_CFLAGS,1,1,,,
1358,UCLIBC_FORMAT_FLAT_SEP_DATA_alt,1,1,,,
1359,UCLIBC_FORMAT_SHARED_FLAT,1,1,,,
1360,UCLIBC_GRP_BUFFER_SIZE,1,1,,,
1361,UCLIBC_HAS_LOCALE,1,1,,,
1362,UCLIBC_HAS_STDIO_BUFSIZ_512_alt,1,1,,,
1363,UCLIBC_HAS_STDIO_BUILTIN_BUFFER_4_alt,1,1,,,
1364,UCLIBC_PRINTF_SCANF_POSITIONAL_ARGS,1,1,,,
1365,UCLIBC_PWD_BUFFER_SIZE,1,1,,,
1366,UCLIBC_SHARED_FLAT_ID,1,1,,,
1367,UCLIBC_UCLINUX_BROKEN_MUNMAP,1,1,,,
1368,UI,1,1,,,
1369,UninstallGame,1,1,,,
1370,Uninstall_Game,1,1,,,
1371,UseCases,1,1,,,
1372,Use_Cases,1,1,,,
1373,VENDOR,1,1,,,
1374,Vehiculos,1,1,,,
1375,VehiculosTiempoReal,1,1,,,
1376,VisualAttributes,1,1,,,
1377,Visualization,1,1,,,
1378,WARNINGS,1,1,,,
1379,Wing,1,1,,,
1380,_Form,1,1,,,
1381,__r_12_19,1,1,,,
1382,__r_13_30,1,1,,,
1383,__r_14_109,1,1,,,
1384,__r_14_88,1,1,,,
1385,__r_15,1,1,,,
1386,__r_19,1,1,,,
1387,__r_21_27,1,1,,,
1388,__r_21_28,1,1,,,
1389,__r_21_29,1,1,,,
1390,__r_52,1,1,,,
1391,__r_9_32,1,1,,,
1392,_id_0_41,1,1,,,
1393,_id_0_41_43,1,1,,,
1394,_id_0_42,1,1,,,
1395,_id_0_42_43,1,1,,,
1396,_id_0_42_43_45,1,1,,,
1397,_id_0_44,1,1,,,
1398,_id_0_44_45,1,1,,,
1399,_id_0_44_45_49,1,1,,,
1400,_id_0_46,1,1,,,
1401,_id_0_46_47,1,1,,,
1402,_id_0_46_47_48,1,1,,,
1403,_id_0_50,1,1,,,
1404,_id_0_50_52,1,1,,,
1405,_id_10,1,1,,,
1406,_id_117,1,1,,,
1407,_id_118,1,1,,,
1408,_id_12,1,1,,,
1409,_id_139,1,1,,,
1410,_id_14,1,1,,,
1411,_id_15,1,1,,,
1412,_id_16,1,1,,,
1413,_id_162,1,1,,,
1414,_id_163,1,1,,,
1415,_id_17,1,1,,,
1416,_id_18,1,1,,,
1417,_id_19,1,1,,,
1418,_id_22,1,1,,,
1419,_id_23,1,1,,,
1420,_id_24,1,1,,,
1421,_id_254,1,1,,,
1422,_id_255,1,1,,,
1423,_id_256,1,1,,,
1424,_id_257,1,1,,,
1425,_id_258,1,1,,,
1426,_id_260,1,1,,,
1427,_id_261,1,1,,,
1428,_id_262,1,1,,,
1429,_id_263,1,1,,,
1430,_id_27,1,1,,,
1431,_id_27_39,1,1,,,
1432,_id_3,1,1,,,
1433,_id_32,1,1,,,
1434,_id_33,1,1,,,
1435,_id_4,1,1,,,
1436,_id_43,1,1,,,
1437,_id_44,1,1,,,
1438,_id_45,1,1,,,
1439,_id_46,1,1,,,
1440,_id_47,1,1,,,
1441,_id_48,1,1,,,
1442,_id_49,1,1,,,
1443,_id_50,1,1,,,
1444,_id_51,1,1,,,
1445,_id_52,1,1,,,
1446,_id_54,1,1,,,
1447,_id_55,1,1,,,
1448,_id_56,1,1,,,
1449,_id_57,1,1,,,
1450,_id_58,1,1,,,
1451,_id_59,1,1,,,
1452,_id_60,1,1,,,
1453,_id_64,1,1,,,
1454,_id_78,1,1,,,
1455,_id_79,1,1,,,
1456,_id_8,1,1,,,
1457,_id_80,1,1,,,
1458,_id_83,1,1,,,
1459,_id_84,1,1,,,
1460,_id_9,1,1,,,
1461,_id_93,1,1,,,
1462,_play,1,1,,,
1463,_r100,1,1,,,
1464,_r101,1,1,,,
1465,_r103,1,1,,,
1466,_r104,1,1,,,
1467,_r105,1,1,,,
1468,_r111,1,1,,,
1469,_r115,1,1,,,
1470,_r118,1,1,,,
1471,_r119,1,1,,,
1472,_r122,1,1,,,
1473,_r124,1,1,,,
1474,_r125,1,1,,,
1475,_r128,1,1,,,
1476,_r129,1,1,,,
1477,_r132,1,1,,,
1478,_r134,1,1,,,
1479,_r136,1,1,,,
1480,_r141,1,1,,,
1481,_r142,1,1,,,
1482,_r144,1,1,,,
1483,_r145,1,1,,,
1484,_r150,1,1,,,
1485,_r151,1,1,,,
1486,_r152,1,1,,,
1487,_r154,1,1,,,
1488,_r157,1,1,,,
1489,_r158,1,1,,,
1490,_r164,1,1,,,
1491,_r171,1,1,,,
1492,_r172,1,1,,,
1493,_r173,1,1,,,
1494,_r178,1,1,,,
1495,_r183,1,1,,,
1496,_r188,1,1,,,
1497,_r203,1,1,,,
1498,_r204,1,1,,,
1499,_r40,1,1,,,
1500,_r42,1,1,,,
1501,_r43,1,1,,,
1502,_r51,1,1,,,
1503,_r52,1,1,,,
1504,_r53,1,1,,,
1505,_r56,1,1,,,
1506,_r57,1,1,,,
1507,_r59,1,1,,,
1508,_r5_29,1,1,,,
1509,_r60,1,1,,,
1510,_r62,1,1,,,
1511,_r64,1,1,,,
1512,_r66,1,1,,,
1513,_r69,1,1,,,
1514,_r72,1,1,,,
1515,_r75,1,1,,,
1516,_r77,1,1,,,
1517,_r79,1,1,,,
1518,_r80,1,1,,,
1519,_r81,1,1,,,
1520,_r85,1,1,,,
1521,_r87,1,1,,,
1522,_r88,1,1,,,
1523,_r89,1,1,,,
1524,_r91,1,1,,,
1525,_r92,1,1,,,
1526,_r95,1,1,,,
1527,_r97,1,1,,,
1528,_r_104,1,1,,,
1529,_r_106,1,1,,,
1530,_r_10_11_14,1,1,,,
1531,_r_10_11_27_29,1,1,,,
1532,_r_10_11_30,1,1,,,
1533,_r_10_13_14,1,1,,,
1534,_r_10_15_21,1,1,,,
1535,_r_10_15_25,1,1,,,
1536,_r_10_15_37,1,1,,,
1537,_r_10_16,1,1,,,
1538,_r_10_16_20_22,1,1,,,
1539,_r_10_17_18,1,1,,,
1540,_r_10_18_34,1,1,,,
1541,_r_10_18_35,1,1,,,
1542,_r_10_19_20,1,1,,,
1543,_r_10_19_37,1,1,,,
1544,_r_10_20,1,1,,,
1545,_r_10_22,1,1,,,
1546,_r_10_27,1,1,,,
1547,_r_10_36,1,1,,,
1548,_r_10_70,1,1,,,
1549,_r_10_71,1,1,,,
1550,_r_112,1,1,,,
1551,_r_112_120,1,1,,,
1552,_r_114,1,1,,,
1553,_r_116,1,1,,,
1554,_r_11_12_15,1,1,,,
1555,_r_11_12_18,1,1,,,
1556,_r_11_12_19,1,1,,,
1557,_r_11_14_15_16_18,1,1,,,
1558,_r_11_16,1,1,,,
1559,_r_11_22,1,1,,,
1560,_r_11_23,1,1,,,
1561,_r_11_23_38,1,1,,,
1562,_r_11_24,1,1,,,
1563,_r_11_27,1,1,,,
1564,_r_11_29,1,1,,,
1565,_r_11_32,1,1,,,
1566,_r_11_34_35,1,1,,,
1567,_r_11_34_35_37,1,1,,,
1568,_r_11_34_36,1,1,,,
1569,_r_11_34_36_41,1,1,,,
1570,_r_11_34_49,1,1,,,
1571,_r_11_34_49_50,1,1,,,
1572,_r_11_34_54,1,1,,,
1573,_r_11_34_78,1,1,,,
1574,_r_11_91,1,1,,,
1575,_r_120,1,1,,,
1576,_r_124,1,1,,,
1577,_r_125,1,1,,,
1578,_r_125_129,1,1,,,
1579,_r_125_129_130,1,1,,,
1580,_r_125_129_131,1,1,,,
1581,_r_125_132,1,1,,,
1582,_r_125_132_133,1,1,,,
1583,_r_125_132_133_135,1,1,,,
1584,_r_125_132_133_138,1,1,,,
1585,_r_125_132_133_140,1,1,,,
1586,_r_128,1,1,,,
1587,_r_12_13_14_16,1,1,,,
1588,_r_12_13_18,1,1,,,
1589,_r_12_13_19,1,1,,,
1590,_r_12_14_16,1,1,,,
1591,_r_12_16_17,1,1,,,
1592,_r_12_16_19,1,1,,,
1593,_r_12_17_18,1,1,,,
1594,_r_12_17_19,1,1,,,
1595,_r_12_17_24,1,1,,,
1596,_r_12_20_21,1,1,,,
1597,_r_12_20_22,1,1,,,
1598,_r_12_20_23,1,1,,,
1599,_r_12_20_24,1,1,,,
1600,_r_12_21,1,1,,,
1601,_r_12_22,1,1,,,
1602,_r_12_25_32,1,1,,,
1603,_r_12_25_33,1,1,,,
1604,_r_12_26_30,1,1,,,
1605,_r_12_26_31,1,1,,,
1606,_r_12_27_28,1,1,,,
1607,_r_12_27_29,1,1,,,
1608,_r_12_29,1,1,,,
1609,_r_12_32,1,1,,,
1610,_r_12_34,1,1,,,
1611,_r_12_35,1,1,,,
1612,_r_12_38,1,1,,,
1613,_r_12_39,1,1,,,
1614,_r_12_41_42,1,1,,,
1615,_r_12_41_43,1,1,,,
1616,_r_12_42_57,1,1,,,
1617,_r_12_42_58,1,1,,,
1618,_r_12_43,1,1,,,
1619,_r_12_44,1,1,,,
1620,_r_12_45,1,1,,,
1621,_r_12_56,1,1,,,
1622,_r_12_56_58_59,1,1,,,
1623,_r_12_57,1,1,,,
1624,_r_12_62,1,1,,,
1625,_r_13_14_16,1,1,,,
1626,_r_13_14_19_20,1,1,,,
1627,_r_13_14_33,1,1,,,
1628,_r_13_14_34,1,1,,,
1629,_r_13_14_70,1,1,,,
1630,_r_13_15_36,1,1,,,
1631,_r_13_16_17,1,1,,,
1632,_r_13_19,1,1,,,
1633,_r_13_21,1,1,,,
1634,_r_13_22_23,1,1,,,
1635,_r_13_23,1,1,,,
1636,_r_13_26,1,1,,,
1637,_r_13_27,1,1,,,
1638,_r_13_27_29,1,1,,,
1639,_r_13_28,1,1,,,
1640,_r_13_30,1,1,,,
1641,_r_13_31,1,1,,,
1642,_r_13_35,1,1,,,
1643,_r_13_35_37,1,1,,,
1644,_r_13_35_38,1,1,,,
1645,_r_13_39,1,1,,,
1646,_r_13_39_40,1,1,,,
1647,_r_13_39_41,1,1,,,
1648,_r_13_39_47,1,1,,,
1649,_r_13_49,1,1,,,
1650,_r_13_49_50,1,1,,,
1651,_r_13_49_52,1,1,,,
1652,_r_13_75,1,1,,,
1653,_r_13_78,1,1,,,
1654,_r_13_79,1,1,,,
1655,_r_13_83,1,1,,,
1656,_r_13_83_86,1,1,,,
1657,_r_13_83_87,1,1,,,
1658,_r_13_84,1,1,,,
1659,_r_13_85,1,1,,,
1660,_r_13_98_99,1,1,,,
1661,_r_141,1,1,,,
1662,_r_141_143,1,1,,,
1663,_r_141_147,1,1,,,
1664,_r_141_155,1,1,,,
1665,_r_141_166,1,1,,,
1666,_r_141_173,1,1,,,
1667,_r_141_187,1,1,,,
1668,_r_141_193,1,1,,,
1669,_r_141_193_195,1,1,,,
1670,_r_141_193_196,1,1,,,
1671,_r_141_193_199,1,1,,,
1672,_r_141_193_200,1,1,,,
1673,_r_143,1,1,,,
1674,_r_143_144,1,1,,,
1675,_r_143_145,1,1,,,
1676,_r_143_146,1,1,,,
1677,_r_143_146_205_206,1,1,,,
1678,_r_143_146_205_207,1,1,,,
1679,_r_143_146_205_208,1,1,,,
1680,_r_143_146_205_209,1,1,,,
1681,_r_143_146_205_224,1,1,,,
1682,_r_143_147,1,1,,,
1683,_r_143_147_226_227,1,1,,,
1684,_r_143_147_226_269,1,1,,,
1685,_r_143_148,1,1,,,
1686,_r_143_148_235_236,1,1,,,
1687,_r_143_148_235_237,1,1,,,
1688,_r_143_148_235_275,1,1,,,
1689,_r_143_149,1,1,,,
1690,_r_143_149_238_278,1,1,,,
1691,_r_14_123,1,1,,,
1692,_r_14_124,1,1,,,
1693,_r_14_15_16,1,1,,,
1694,_r_14_15_16_17,1,1,,,
1695,_r_14_15_16_17_18,1,1,,,
1696,_r_14_15_18,1,1,,,
1697,_r_14_15_19,1,1,,,
1698,_r_14_16_17,1,1,,,
1699,_r_14_16_19,1,1,,,
1700,_r_14_16_20,1,1,,,
1701,_r_14_17,1,1,,,
1702,_r_14_17_18,1,1,,,
1703,_r_14_19_20,1,1,,,
1704,_r_14_21,1,1,,,
1705,_r_14_21_26,1,1,,,
1706,_r_14_22,1,1,,,
1707,_r_14_23,1,1,,,
1708,_r_14_23_24,1,1,,,
1709,_r_14_26,1,1,,,
1710,_r_14_26_66,1,1,,,
1711,_r_14_27,1,1,,,
1712,_r_14_31,1,1,,,
1713,_r_14_32,1,1,,,
1714,_r_14_33,1,1,,,
1715,_r_14_34,1,1,,,
1716,_r_14_40,1,1,,,
1717,_r_14_40_45,1,1,,,
1718,_r_14_40_45_46_47,1,1,,,
1719,_r_14_41,1,1,,,
1720,_r_14_41_48,1,1,,,
1721,_r_14_41_48_49_50,1,1,,,
1722,_r_14_50,1,1,,,
1723,_r_14_50_51,1,1,,,
1724,_r_14_60_61,1,1,,,
1725,_r_14_61,1,1,,,
1726,_r_14_78,1,1,,,
1727,_r_14_88,1,1,,,
1728,_r_154,1,1,,,
1729,_r_159,1,1,,,
1730,_r_15_18_20,1,1,,,
1731,_r_15_21,1,1,,,
1732,_r_15_23,1,1,,,
1733,_r_15_23_24,1,1,,,
1734,_r_15_23_25,1,1,,,
1735,_r_15_23_26,1,1,,,
1736,_r_15_37,1,1,,,
1737,_r_15_47,1,1,,,
1738,_r_15_64_65,1,1,,,
1739,_r_15_64_66,1,1,,,
1740,_r_15_64_67,1,1,,,
1741,_r_160,1,1,,,
1742,_r_168,1,1,,,
1743,_r_168_169,1,1,,,
1744,_r_16_18_20,1,1,,,
1745,_r_16_25,1,1,,,
1746,_r_16_40,1,1,,,
1747,_r_17_18_19,1,1,,,
1748,_r_17_18_22,1,1,,,
1749,_r_17_18_31,1,1,,,
1750,_r_17_21_25,1,1,,,
1751,_r_17_21_25_26,1,1,,,
1752,_r_17_21_25_27,1,1,,,
1753,_r_17_22,1,1,,,
1754,_r_17_23,1,1,,,
1755,_r_17_23_24,1,1,,,
1756,_r_17_23_25,1,1,,,
1757,_r_17_23_26,1,1,,,
1758,_r_17_26,1,1,,,
1759,_r_17_27,1,1,,,
1760,_r_17_27_28,1,1,,,
1761,_r_17_27_29,1,1,,,
1762,_r_17_27_30,1,1,,,
1763,_r_17_27_32,1,1,,,
1764,_r_17_29,1,1,,,
1765,_r_17_31_34,1,1,,,
1766,_r_17_31_35,1,1,,,
1767,_r_17_33,1,1,,,
1768,_r_17_35,1,1,,,
1769,_r_17_38,1,1,,,
1770,_r_17_38_39,1,1,,,
1771,_r_17_38_40,1,1,,,
1772,_r_17_39,1,1,,,
1773,_r_17_66,1,1,,,
1774,_r_18_19_20,1,1,,,
1775,_r_18_22,1,1,,,
1776,_r_18_23,1,1,,,
1777,_r_18_24,1,1,,,
1778,_r_18_25,1,1,,,
1779,_r_18_25_34,1,1,,,
1780,_r_18_26,1,1,,,
1781,_r_18_30,1,1,,,
1782,_r_18_36,1,1,,,
1783,_r_18_45,1,1,,,
1784,_r_19_20_21,1,1,,,
1785,_r_19_20_21_24,1,1,,,
1786,_r_19_20_21_30,1,1,,,
1787,_r_19_20_21_30_31,1,1,,,
1788,_r_19_20_21_33,1,1,,,
1789,_r_19_20_21_33_34,1,1,,,
1790,_r_19_20_21_33_35,1,1,,,
1791,_r_19_20_21_36,1,1,,,
1792,_r_19_20_23,1,1,,,
1793,_r_19_20_27,1,1,,,
1794,_r_19_21_22,1,1,,,
1795,_r_19_21_24,1,1,,,
1796,_r_19_21_25,1,1,,,
1797,_r_19_22_26,1,1,,,
1798,_r_19_23,1,1,,,
1799,_r_19_24_25,1,1,,,
1800,_r_19_24_34,1,1,,,
1801,_r_19_26,1,1,,,
1802,_r_19_27,1,1,,,
1803,_r_19_32,1,1,,,
1804,_r_19_33,1,1,,,
1805,_r_19_33_34,1,1,,,
1806,_r_19_33_35,1,1,,,
1807,_r_19_33_36,1,1,,,
1808,_r_19_35_36,1,1,,,
1809,_r_19_35_37,1,1,,,
1810,_r_19_35_37_38,1,1,,,
1811,_r_19_35_37_39,1,1,,,
1812,_r_19_35_37_40,1,1,,,
1813,_r_19_35_37_40_42_43,1,1,,,
1814,_r_19_35_37_41,1,1,,,
1815,_r_19_35_37_41_44_45,1,1,,,
1816,_r_19_39,1,1,,,
1817,_r_19_42,1,1,,,
1818,_r_19_48,1,1,,,
1819,_r_19_50,1,1,,,
1820,_r_19_55,1,1,,,
1821,_r_19_55_56,1,1,,,
1822,_r_1_104,1,1,,,
1823,_r_1_10_13,1,1,,,
1824,_r_1_10_17_18,1,1,,,
1825,_r_1_10_22,1,1,,,
1826,_r_1_10_38_39,1,1,,,
1827,_r_1_115,1,1,,,
1828,_r_1_115_116,1,1,,,
1829,_r_1_11_13,1,1,,,
1830,_r_1_11_14,1,1,,,
1831,_r_1_11_15,1,1,,,
1832,_r_1_11_15_32,1,1,,,
1833,_r_1_11_36,1,1,,,
1834,_r_1_12_14,1,1,,,
1835,_r_1_12_15,1,1,,,
1836,_r_1_12_16,1,1,,,
1837,_r_1_12_17,1,1,,,
1838,_r_1_12_30,1,1,,,
1839,_r_1_12_41,1,1,,,
1840,_r_1_13_14,1,1,,,
1841,_r_1_14_15_17,1,1,,,
1842,_r_1_14_15_18,1,1,,,
1843,_r_1_14_20,1,1,,,
1844,_r_1_14_20_21,1,1,,,
1845,_r_1_14_20_22,1,1,,,
1846,_r_1_15_17,1,1,,,
1847,_r_1_15_18,1,1,,,
1848,_r_1_15_19,1,1,,,
1849,_r_1_163,1,1,,,
1850,_r_1_16_21,1,1,,,
1851,_r_1_16_31,1,1,,,
1852,_r_1_172,1,1,,,
1853,_r_1_18_19_20,1,1,,,
1854,_r_1_18_19_20_21,1,1,,,
1855,_r_1_18_19_20_21_22,1,1,,,
1856,_r_1_18_35_36,1,1,,,
1857,_r_1_18_37_38,1,1,,,
1858,_r_1_18_39_40,1,1,,,
1859,_r_1_18_41_42,1,1,,,
1860,_r_1_18_43_44,1,1,,,
1861,_r_1_19_22,1,1,,,
1862,_r_1_19_24,1,1,,,
1863,_r_1_19_25_26,1,1,,,
1864,_r_1_19_27_28,1,1,,,
1865,_r_1_19_29_30,1,1,,,
1866,_r_1_19_38,1,1,,,
1867,_r_1_19_57,1,1,,,
1868,_r_1_20_21_22,1,1,,,
1869,_r_1_20_21_25,1,1,,,
1870,_r_1_20_23_24,1,1,,,
1871,_r_1_20_26,1,1,,,
1872,_r_1_20_27,1,1,,,
1873,_r_1_20_28,1,1,,,
1874,_r_1_20_29,1,1,,,
1875,_r_1_20_31,1,1,,,
1876,_r_1_20_38,1,1,,,
1877,_r_1_20_48,1,1,,,
1878,_r_1_21_22,1,1,,,
1879,_r_1_21_28,1,1,,,
1880,_r_1_21_32,1,1,,,
1881,_r_1_21_34,1,1,,,
1882,_r_1_21_35,1,1,,,
1883,_r_1_22_24,1,1,,,
1884,_r_1_23_39,1,1,,,
1885,_r_1_23_40,1,1,,,
1886,_r_1_24_25_26,1,1,,,
1887,_r_1_24_29,1,1,,,
1888,_r_1_24_29_30,1,1,,,
1889,_r_1_24_29_30_31,1,1,,,
1890,_r_1_24_29_34,1,1,,,
1891,_r_1_24_29_34_35,1,1,,,
1892,_r_1_24_29_39,1,1,,,
1893,_r_1_24_29_39_40,1,1,,,
1894,_r_1_24_37,1,1,,,
1895,_r_1_24_38,1,1,,,
1896,_r_1_25_26,1,1,,,
1897,_r_1_25_42,1,1,,,
1898,_r_1_25_43,1,1,,,
1899,_r_1_25_45,1,1,,,
1900,_r_1_25_46,1,1,,,
1901,_r_1_25_47,1,1,,,
1902,_r_1_25_47_48,1,1,,,
1903,_r_1_25_47_49,1,1,,,
1904,_r_1_25_50,1,1,,,
1905,_r_1_25_51,1,1,,,
1906,_r_1_26_27_29,1,1,,,
1907,_r_1_26_27_33,1,1,,,
1908,_r_1_26_27_33_34,1,1,,,
1909,_r_1_26_28,1,1,,,
1910,_r_1_26_28_29,1,1,,,
1911,_r_1_26_52,1,1,,,
1912,_r_1_27_31,1,1,,,
1913,_r_1_28_30,1,1,,,
1914,_r_1_29_31,1,1,,,
1915,_r_1_29_32,1,1,,,
1916,_r_1_29_33,1,1,,,
1917,_r_1_29_34,1,1,,,
1918,_r_1_2_13,1,1,,,
1919,_r_1_2_15,1,1,,,
1920,_r_1_2_17_22,1,1,,,
1921,_r_1_2_17_23,1,1,,,
1922,_r_1_2_17_24,1,1,,,
1923,_r_1_2_22,1,1,,,
1924,_r_1_2_22_24,1,1,,,
1925,_r_1_2_22_24_105,1,1,,,
1926,_r_1_2_22_24_140,1,1,,,
1927,_r_1_2_22_24_140_148_149,1,1,,,
1928,_r_1_2_22_24_140_150_151,1,1,,,
1929,_r_1_2_22_24_140_152_153,1,1,,,
1930,_r_1_2_22_24_147,1,1,,,
1931,_r_1_2_22_79,1,1,,,
1932,_r_1_2_22_80,1,1,,,
1933,_r_1_2_23,1,1,,,
1934,_r_1_2_30,1,1,,,
1935,_r_1_2_30_43,1,1,,,
1936,_r_1_2_3_10,1,1,,,
1937,_r_1_2_3_12,1,1,,,
1938,_r_1_2_3_14,1,1,,,
1939,_r_1_2_3_4_10,1,1,,,
1940,_r_1_2_3_4_15,1,1,,,
1941,_r_1_2_3_4_15_21,1,1,,,
1942,_r_1_2_3_4_15_22,1,1,,,
1943,_r_1_2_3_4_16,1,1,,,
1944,_r_1_2_3_4_17,1,1,,,
1945,_r_1_2_3_4_18,1,1,,,
1946,_r_1_2_3_4_5_10,1,1,,,
1947,_r_1_2_3_4_5_6,1,1,,,
1948,_r_1_2_3_4_5_6_21,1,1,,,
1949,_r_1_2_3_4_5_6_22,1,1,,,
1950,_r_1_2_3_4_5_8,1,1,,,
1951,_r_1_2_3_4_5_8_23,1,1,,,
1952,_r_1_2_3_4_5_8_24,1,1,,,
1953,_r_1_2_3_4_5_8_26,1,1,,,
1954,_r_1_2_3_4_5_8_27,1,1,,,
1955,_r_1_2_3_4_5_9,1,1,,,
1956,_r_1_2_3_4_5_9_19,1,1,,,
1957,_r_1_2_3_4_5_9_19_46,1,1,,,
1958,_r_1_2_3_4_5_9_19_47,1,1,,,
1959,_r_1_2_3_4_5_9_20,1,1,,,
1960,_r_1_2_3_4_5_9_20_48,1,1,,,
1961,_r_1_2_3_4_5_9_20_49,1,1,,,
1962,_r_1_2_3_6,1,1,,,
1963,_r_1_2_3_6_16,1,1,,,
1964,_r_1_2_3_6_16_17,1,1,,,
1965,_r_1_2_3_8,1,1,,,
1966,_r_1_2_47,1,1,,,
1967,_r_1_2_4_13,1,1,,,
1968,_r_1_2_4_14,1,1,,,
1969,_r_1_2_4_15,1,1,,,
1970,_r_1_2_4_16,1,1,,,
1971,_r_1_2_4_17,1,1,,,
1972,_r_1_2_4_24,1,1,,,
1973,_r_1_2_4_36,1,1,,,
1974,_r_1_2_5_18,1,1,,,
1975,_r_1_2_5_19,1,1,,,
1976,_r_1_2_5_20,1,1,,,
1977,_r_1_2_5_21,1,1,,,
1978,_r_1_2_5_23,1,1,,,
1979,_r_1_2_5_24,1,1,,,
1980,_r_1_2_5_28,1,1,,,
1981,_r_1_2_5_32,1,1,,,
1982,_r_1_2_5_35,1,1,,,
1983,_r_1_2_5_36,1,1,,,
1984,_r_1_2_5_42,1,1,,,
1985,_r_1_2_5_6,1,1,,,
1986,_r_1_2_5_7,1,1,,,
1987,_r_1_2_62,1,1,,,
1988,_r_1_2_62_138,1,1,,,
1989,_r_1_2_62_138_139,1,1,,,
1990,_r_1_2_62_138_139_140,1,1,,,
1991,_r_1_2_62_138_139_140_169,1,1,,,
1992,_r_1_2_62_138_139_140_170,1,1,,,
1993,_r_1_2_62_138_139_141,1,1,,,
1994,_r_1_2_62_138_139_141_165,1,1,,,
1995,_r_1_2_62_138_139_141_166,1,1,,,
1996,_r_1_2_62_138_139_141_167,1,1,,,
1997,_r_1_2_62_138_139_141_168,1,1,,,
1998,_r_1_2_62_138_139_142,1,1,,,
1999,_r_1_2_62_138_139_142_147,1,1,,,
2000,_r_1_2_62_138_139_142_147_157,1,1,,,
2001,_r_1_2_62_138_139_142_147_158,1,1,,,
2002,_r_1_2_62_138_139_142_148,1,1,,,
2003,_r_1_2_62_138_139_142_148_149,1,1,,,
2004,_r_1_2_62_138_139_142_148_150,1,1,,,
2005,_r_1_2_62_138_139_143,1,1,,,
2006,_r_1_2_66,1,1,,,
2007,_r_1_2_66_69,1,1,,,
2008,_r_1_2_66_70,1,1,,,
2009,_r_1_2_67,1,1,,,
2010,_r_1_2_67_124,1,1,,,
2011,_r_1_2_67_72,1,1,,,
2012,_r_1_2_7_100,1,1,,,
2013,_r_1_2_7_11,1,1,,,
2014,_r_1_2_7_25,1,1,,,
2015,_r_1_2_7_8,1,1,,,
2016,_r_1_2_7_81,1,1,,,
2017,_r_1_2_7_9,1,1,,,
2018,_r_1_2_8_10,1,1,,,
2019,_r_1_2_8_32,1,1,,,
2020,_r_1_2_8_9,1,1,,,
2021,_r_1_2_9_36,1,1,,,
2022,_r_1_2_9_36_37,1,1,,,
2023,_r_1_2_9_36_38,1,1,,,
2024,_r_1_30_33,1,1,,,
2025,_r_1_32_33,1,1,,,
2026,_r_1_32_40,1,1,,,
2027,_r_1_32_41,1,1,,,
2028,_r_1_32_42,1,1,,,
2029,_r_1_33_43,1,1,,,
2030,_r_1_33_44,1,1,,,
2031,_r_1_33_45,1,1,,,
2032,_r_1_33_46,1,1,,,
2033,_r_1_33_47,1,1,,,
2034,_r_1_35_36,1,1,,,
2035,_r_1_38_39,1,1,,,
2036,_r_1_39_43_45,1,1,,,
2037,_r_1_3_10_11,1,1,,,
2038,_r_1_3_10_12,1,1,,,
2039,_r_1_3_10_12_13,1,1,,,
2040,_r_1_3_13,1,1,,,
2041,_r_1_3_16,1,1,,,
2042,_r_1_3_17,1,1,,,
2043,_r_1_3_18,1,1,,,
2044,_r_1_3_22,1,1,,,
2045,_r_1_3_23,1,1,,,
2046,_r_1_3_24,1,1,,,
2047,_r_1_3_29,1,1,,,
2048,_r_1_3_32,1,1,,,
2049,_r_1_3_35_37,1,1,,,
2050,_r_1_3_36,1,1,,,
2051,_r_1_3_39,1,1,,,
2052,_r_1_3_39_41,1,1,,,
2053,_r_1_3_41,1,1,,,
2054,_r_1_3_41_66,1,1,,,
2055,_r_1_3_41_66_77,1,1,,,
2056,_r_1_3_41_67,1,1,,,
2057,_r_1_3_41_67_87,1,1,,,
2058,_r_1_3_41_67_87_88,1,1,,,
2059,_r_1_3_41_67_87_88_89,1,1,,,
2060,_r_1_3_41_67_87_88_89_90,1,1,,,
2061,_r_1_3_41_67_87_88_89_90_91,1,1,,,
2062,_r_1_3_41_67_87_88_89_90_91_92,1,1,,,
2063,_r_1_3_41_67_87_88_89_90_91_92_93,1,1,,,
2064,_r_1_3_4_5_6,1,1,,,
2065,_r_1_3_4_5_6_13,1,1,,,
2066,_r_1_3_4_5_6_13_15,1,1,,,
2067,_r_1_3_4_5_6_13_15_16,1,1,,,
2068,_r_1_3_4_5_6_13_15_16_17,1,1,,,
2069,_r_1_3_4_5_6_13_15_16_17_18,1,1,,,
2070,_r_1_3_4_5_6_13_15_16_17_18_26,1,1,,,
2071,_r_1_3_4_5_6_13_15_16_17_18_26_27,1,1,,,
2072,_r_1_3_4_5_6_13_15_16_17_18_26_27_29,1,1,,,
2073,_r_1_3_4_5_6_13_15_16_17_18_26_27_29_30,1,1,,,
2074,_r_1_3_4_5_6_13_15_16_17_18_26_27_29_30_31,1,1,,,
2075,_r_1_3_4_5_6_13_15_16_17_18_26_27_29_30_31_32,1,1,,,
2076,_r_1_3_4_5_6_13_15_16_17_18_26_27_29_30_31_32_34,1,1,,,
2077,_r_1_3_4_5_6_13_15_16_17_18_26_27_29_30_31_32_34_36,1,1,,,
2078,_r_1_3_4_5_6_13_15_16_17_18_26_27_29_30_31_32_34_36_44,1,1,,,
2079,_r_1_3_4_5_6_13_15_16_17_18_26_27_29_30_31_33,1,1,,,
2080,_r_1_3_4_5_6_13_15_16_17_18_26_27_29_30_31_33_35,1,1,,,
2081,_r_1_3_4_5_6_13_15_16_17_18_26_27_29_30_31_33_35_37,1,1,,,
2082,_r_1_3_4_5_6_13_15_16_17_18_26_27_29_30_31_33_35_37_43,1,1,,,
2083,_r_1_3_4_5_6_13_15_16_17_24,1,1,,,
2084,_r_1_3_4_5_6_13_15_16_17_24_25,1,1,,,
2085,_r_1_3_4_5_6_13_15_16_17_24_25_28,1,1,,,
2086,_r_1_3_4_5_6_13_15_16_17_24_25_38,1,1,,,
2087,_r_1_3_4_5_6_13_15_16_17_24_39,1,1,,,
2088,_r_1_3_4_5_6_13_15_16_17_24_39_40,1,1,,,
2089,_r_1_3_4_5_6_13_15_16_23,1,1,,,
2090,_r_1_3_4_5_6_13_15_16_23_45,1,1,,,
2091,_r_1_3_4_5_6_13_15_16_23_46,1,1,,,
2092,_r_1_3_4_5_6_14,1,1,,,
2093,_r_1_3_4_5_6_144_145,1,1,,,
2094,_r_1_3_4_5_6_144_145_146,1,1,,,
2095,_r_1_3_4_5_6_14_19,1,1,,,
2096,_r_1_3_4_5_6_14_19_20,1,1,,,
2097,_r_1_3_4_5_6_14_19_20_21,1,1,,,
2098,_r_1_3_4_5_6_14_19_20_21_22,1,1,,,
2099,_r_1_3_4_5_6_14_19_20_21_22_47,1,1,,,
2100,_r_1_3_4_5_6_14_19_20_21_22_47_48,1,1,,,
2101,_r_1_3_4_5_6_14_19_20_21_22_47_48_49,1,1,,,
2102,_r_1_3_4_5_6_14_19_20_21_22_47_48_49_50,1,1,,,
2103,_r_1_3_4_5_6_14_19_20_21_22_47_48_49_50_51,1,1,,,
2104,_r_1_3_4_5_6_14_19_20_21_22_47_48_49_50_51_52,1,1,,,
2105,_r_1_3_4_5_6_14_19_20_21_22_47_48_49_50_51_52_53,1,1,,,
2106,_r_1_3_4_5_6_14_19_20_21_22_47_48_49_50_51_52_53_54,1,1,,,
2107,_r_1_3_4_5_6_14_19_20_21_22_47_48_49_50_51_52_53_54_55,1,1,,,
2108,_r_1_3_4_5_6_14_19_20_21_22_47_48_49_50_51_56,1,1,,,
2109,_r_1_3_4_5_6_14_19_20_21_22_47_48_49_50_51_56_57,1,1,,,
2110,_r_1_3_4_5_6_14_19_20_21_22_47_48_49_50_51_56_57_58,1,1,,,
2111,_r_1_3_4_5_6_14_19_20_21_22_47_48_49_50_51_56_57_58_59,1,1,,,
2112,_r_1_3_4_5_6_14_19_20_21_42,1,1,,,
2113,_r_1_3_4_5_6_14_19_20_21_42_61,1,1,,,
2114,_r_1_3_4_5_6_14_19_20_21_42_61_62,1,1,,,
2115,_r_1_3_4_5_6_14_19_20_21_42_61_63,1,1,,,
2116,_r_1_3_4_5_6_14_19_20_21_42_64,1,1,,,
2117,_r_1_3_4_5_6_14_19_20_21_42_64_65,1,1,,,
2118,_r_1_3_4_5_6_14_19_20_21_42_64_65_68,1,1,,,
2119,_r_1_3_4_5_6_14_19_20_21_42_64_65_69,1,1,,,
2120,_r_1_3_4_5_6_14_19_20_21_42_64_65_70,1,1,,,
2121,_r_1_3_4_5_6_14_19_20_21_42_64_65_71,1,1,,,
2122,_r_1_3_4_5_6_14_19_20_21_42_64_65_72,1,1,,,
2123,_r_1_3_4_5_6_14_19_20_21_42_64_65_73,1,1,,,
2124,_r_1_3_4_5_6_14_19_20_21_42_64_65_75,1,1,,,
2125,_r_1_3_4_5_6_94_95,1,1,,,
2126,_r_1_3_4_5_6_94_95_102,1,1,,,
2127,_r_1_3_4_5_6_94_95_102_122,1,1,,,
2128,_r_1_3_4_5_6_94_95_102_123,1,1,,,
2129,_r_1_3_4_5_6_94_95_102_123_125_126,1,1,,,
2130,_r_1_3_4_5_6_94_95_102_123_125_126_127,1,1,,,
2131,_r_1_3_4_5_6_94_95_102_123_125_126_132,1,1,,,
2132,_r_1_3_4_5_6_94_95_102_123_130_131,1,1,,,
2133,_r_1_3_4_5_6_94_95_102_123_130_131_142,1,1,,,
2134,_r_1_3_4_5_6_94_95_102_123_134_135,1,1,,,
2135,_r_1_3_4_5_6_94_95_102_123_134_135_136,1,1,,,
2136,_r_1_3_4_5_6_94_95_103,1,1,,,
2137,_r_1_3_4_5_6_94_95_103_147,1,1,,,
2138,_r_1_3_4_5_6_94_95_103_148,1,1,,,
2139,_r_1_3_4_5_6_94_95_103_148_149_150,1,1,,,
2140,_r_1_3_4_5_6_94_95_103_148_149_150_151,1,1,,,
2141,_r_1_3_4_5_6_94_95_103_148_149_150_152,1,1,,,
2142,_r_1_3_4_5_6_94_95_103_148_153,1,1,,,
2143,_r_1_3_4_5_6_94_95_103_148_153_154,1,1,,,
2144,_r_1_3_4_5_6_94_95_103_148_155_156,1,1,,,
2145,_r_1_3_4_5_6_94_95_103_148_155_156_158_159,1,1,,,
2146,_r_1_3_4_5_6_96_97,1,1,,,
2147,_r_1_3_4_5_6_96_97_100,1,1,,,
2148,_r_1_3_4_5_6_96_97_109,1,1,,,
2149,_r_1_3_4_5_6_96_97_109_110,1,1,,,
2150,_r_1_3_4_5_6_96_97_109_110_111,1,1,,,
2151,_r_1_3_4_5_6_96_97_109_110_111_113,1,1,,,
2152,_r_1_3_4_5_6_96_97_109_110_111_114,1,1,,,
2153,_r_1_3_4_5_6_96_97_109_110_111_114_117,1,1,,,
2154,_r_1_3_4_5_6_96_97_109_110_111_114_117_120,1,1,,,
2155,_r_1_3_4_5_6_96_97_109_110_111_114_117_121,1,1,,,
2156,_r_1_3_4_5_6_96_97_109_110_111_114_118,1,1,,,
2157,_r_1_3_4_5_6_96_97_109_110_111_114_119,1,1,,,
2158,_r_1_3_4_5_6_98_99,1,1,,,
2159,_r_1_3_4_5_6_98_99_101,1,1,,,
2160,_r_1_3_4_5_6_98_99_104,1,1,,,
2161,_r_1_3_4_5_6_98_99_104_105,1,1,,,
2162,_r_1_3_4_5_6_98_99_104_105_106,1,1,,,
2163,_r_1_3_4_5_6_98_99_104_105_106_115,1,1,,,
2164,_r_1_3_4_5_6_98_99_104_105_106_116,1,1,,,
2165,_r_1_3_4_5_6_98_99_104_105_107,1,1,,,
2166,_r_1_3_4_5_6_98_99_104_105_108,1,1,,,
2167,_r_1_3_6_7,1,1,,,
2168,_r_1_3_75,1,1,,,
2169,_r_1_3_75_78,1,1,,,
2170,_r_1_3_75_78_82,1,1,,,
2171,_r_1_3_75_79,1,1,,,
2172,_r_1_3_75_79_88,1,1,,,
2173,_r_1_3_75_80,1,1,,,
2174,_r_1_3_75_80_92,1,1,,,
2175,_r_1_3_75_80_93,1,1,,,
2176,_r_1_3_75_80_94,1,1,,,
2177,_r_1_3_75_80_94_105,1,1,,,
2178,_r_1_3_75_81,1,1,,,
2179,_r_1_3_7_8,1,1,,,
2180,_r_1_3_7_9,1,1,,,
2181,_r_1_3_8_9,1,1,,,
2182,_r_1_3_9,1,1,,,
2183,_r_1_41_44,1,1,,,
2184,_r_1_42,1,1,,,
2185,_r_1_44,1,1,,,
2186,_r_1_46_47_50,1,1,,,
2187,_r_1_47,1,1,,,
2188,_r_1_4_120,1,1,,,
2189,_r_1_4_120_123,1,1,,,
2190,_r_1_4_120_124,1,1,,,
2191,_r_1_4_120_125,1,1,,,
2192,_r_1_4_121,1,1,,,
2193,_r_1_4_121_141,1,1,,,
2194,_r_1_4_121_141_142,1,1,,,
2195,_r_1_4_121_143,1,1,,,
2196,_r_1_4_121_143_144,1,1,,,
2197,_r_1_4_121_143_145,1,1,,,
2198,_r_1_4_121_143_146,1,1,,,
2199,_r_1_4_121_143_147,1,1,,,
2200,_r_1_4_121_148,1,1,,,
2201,_r_1_4_121_148_149,1,1,,,
2202,_r_1_4_121_148_150,1,1,,,
2203,_r_1_4_122,1,1,,,
2204,_r_1_4_14,1,1,,,
2205,_r_1_4_18,1,1,,,
2206,_r_1_4_24,1,1,,,
2207,_r_1_4_25,1,1,,,
2208,_r_1_4_26_30,1,1,,,
2209,_r_1_4_26_31,1,1,,,
2210,_r_1_4_27_28,1,1,,,
2211,_r_1_4_28,1,1,,,
2212,_r_1_4_29,1,1,,,
2213,_r_1_4_30,1,1,,,
2214,_r_1_4_32,1,1,,,
2215,_r_1_4_32_48,1,1,,,
2216,_r_1_4_34,1,1,,,
2217,_r_1_4_35,1,1,,,
2218,_r_1_4_40,1,1,,,
2219,_r_1_4_44,1,1,,,
2220,_r_1_4_45,1,1,,,
2221,_r_1_4_46,1,1,,,
2222,_r_1_4_5_6_7,1,1,,,
2223,_r_1_4_5_8_9,1,1,,,
2224,_r_1_4_6_22,1,1,,,
2225,_r_1_4_6_8,1,1,,,
2226,_r_1_4_6_8_20,1,1,,,
2227,_r_1_4_6_8_20_22,1,1,,,
2228,_r_1_4_6_8_20_23,1,1,,,
2229,_r_1_4_6_8_21,1,1,,,
2230,_r_1_4_7,1,1,,,
2231,_r_1_4_9,1,1,,,
2232,_r_1_50,1,1,,,
2233,_r_1_55,1,1,,,
2234,_r_1_5_11_29,1,1,,,
2235,_r_1_5_12,1,1,,,
2236,_r_1_5_14,1,1,,,
2237,_r_1_5_16,1,1,,,
2238,_r_1_5_17_19,1,1,,,
2239,_r_1_5_17_19_20,1,1,,,
2240,_r_1_5_17_21,1,1,,,
2241,_r_1_5_18,1,1,,,
2242,_r_1_5_19,1,1,,,
2243,_r_1_5_21,1,1,,,
2244,_r_1_5_27,1,1,,,
2245,_r_1_5_28,1,1,,,
2246,_r_1_5_36,1,1,,,
2247,_r_1_5_37,1,1,,,
2248,_r_1_5_38,1,1,,,
2249,_r_1_5_38_39,1,1,,,
2250,_r_1_5_40,1,1,,,
2251,_r_1_5_67,1,1,,,
2252,_r_1_5_67_126,1,1,,,
2253,_r_1_5_67_88,1,1,,,
2254,_r_1_5_67_89,1,1,,,
2255,_r_1_5_7_9,1,1,,,
2256,_r_1_5_84,1,1,,,
2257,_r_1_5_84_86,1,1,,,
2258,_r_1_5_84_87,1,1,,,
2259,_r_1_63,1,1,,,
2260,_r_1_6_12,1,1,,,
2261,_r_1_6_13,1,1,,,
2262,_r_1_6_14,1,1,,,
2263,_r_1_6_16,1,1,,,
2264,_r_1_6_17,1,1,,,
2265,_r_1_6_19,1,1,,,
2266,_r_1_6_22,1,1,,,
2267,_r_1_6_23,1,1,,,
2268,_r_1_6_24,1,1,,,
2269,_r_1_6_7_16_17,1,1,,,
2270,_r_1_6_7_16_17_21_22,1,1,,,
2271,_r_1_6_7_16_17_23_24,1,1,,,
2272,_r_1_6_7_16_17_25_26,1,1,,,
2273,_r_1_6_7_16_17_28_29,1,1,,,
2274,_r_1_6_7_19_20,1,1,,,
2275,_r_1_6_7_22,1,1,,,
2276,_r_1_6_7_23,1,1,,,
2277,_r_1_6_7_24,1,1,,,
2278,_r_1_6_7_8,1,1,,,
2279,_r_1_6_8_10,1,1,,,
2280,_r_1_6_8_12,1,1,,,
2281,_r_1_6_8_9,1,1,,,
2282,_r_1_71,1,1,,,
2283,_r_1_71_72,1,1,,,
2284,_r_1_71_73,1,1,,,
2285,_r_1_74,1,1,,,
2286,_r_1_75,1,1,,,
2287,_r_1_7_10,1,1,,,
2288,_r_1_7_10_11,1,1,,,
2289,_r_1_7_11_13,1,1,,,
2290,_r_1_7_11_13_17,1,1,,,
2291,_r_1_7_11_13_17_25,1,1,,,
2292,_r_1_7_11_13_17_26,1,1,,,
2293,_r_1_7_11_13_18,1,1,,,
2294,_r_1_7_11_13_18_27,1,1,,,
2295,_r_1_7_11_13_18_28,1,1,,,
2296,_r_1_7_11_14,1,1,,,
2297,_r_1_7_11_14_19,1,1,,,
2298,_r_1_7_11_14_19_29,1,1,,,
2299,_r_1_7_11_14_19_30,1,1,,,
2300,_r_1_7_11_14_20,1,1,,,
2301,_r_1_7_11_14_20_31,1,1,,,
2302,_r_1_7_11_14_20_32,1,1,,,
2303,_r_1_7_12,1,1,,,
2304,_r_1_7_12_13,1,1,,,
2305,_r_1_7_12_15,1,1,,,
2306,_r_1_7_12_15_21,1,1,,,
2307,_r_1_7_12_15_21_33,1,1,,,
2308,_r_1_7_12_15_21_34,1,1,,,
2309,_r_1_7_12_15_22,1,1,,,
2310,_r_1_7_12_15_22_35,1,1,,,
2311,_r_1_7_12_15_22_36,1,1,,,
2312,_r_1_7_12_16,1,1,,,
2313,_r_1_7_12_16_23,1,1,,,
2314,_r_1_7_12_16_23_38,1,1,,,
2315,_r_1_7_12_16_23_39,1,1,,,
2316,_r_1_7_12_16_24,1,1,,,
2317,_r_1_7_12_16_24_40,1,1,,,
2318,_r_1_7_12_16_24_41,1,1,,,
2319,_r_1_7_21,1,1,,,
2320,_r_1_7_22,1,1,,,
2321,_r_1_7_34_60,1,1,,,
2322,_r_1_7_41,1,1,,,
2323,_r_1_7_8_11_12,1,1,,,
2324,_r_1_7_8_13_14,1,1,,,
2325,_r_1_7_8_9,1,1,,,
2326,_r_1_7_8_9_10,1,1,,,
2327,_r_1_85,1,1,,,
2328,_r_1_8_10_11,1,1,,,
2329,_r_1_8_12,1,1,,,
2330,_r_1_8_12_13,1,1,,,
2331,_r_1_8_13,1,1,,,
2332,_r_1_8_14,1,1,,,
2333,_r_1_8_19,1,1,,,
2334,_r_1_8_48_53,1,1,,,
2335,_r_1_9_10_11_12,1,1,,,
2336,_r_1_9_10_13_14,1,1,,,
2337,_r_1_9_20,1,1,,,
2338,_r_1_9_20_21,1,1,,,
2339,_r_1_9_20_21_22,1,1,,,
2340,_r_1_9_20_21_32,1,1,,,
2341,_r_1_9_20_21_37,1,1,,,
2342,_r_1_9_21,1,1,,,
2343,_r_1_9_34,1,1,,,
2344,_r_1_9_38,1,1,,,
2345,_r_20_21_22,1,1,,,
2346,_r_20_21_22_23,1,1,,,
2347,_r_20_21_23,1,1,,,
2348,_r_20_21_24_25,1,1,,,
2349,_r_20_21_34,1,1,,,
2350,_r_20_21_36,1,1,,,
2351,_r_20_21_37,1,1,,,
2352,_r_20_21_38,1,1,,,
2353,_r_20_21_39,1,1,,,
2354,_r_20_21_84,1,1,,,
2355,_r_20_21_85,1,1,,,
2356,_r_20_21_86,1,1,,,
2357,_r_20_21_87,1,1,,,
2358,_r_20_21_89,1,1,,,
2359,_r_20_21_90,1,1,,,
2360,_r_20_21_91,1,1,,,
2361,_r_20_22_23,1,1,,,
2362,_r_20_22_27,1,1,,,
2363,_r_20_22_28,1,1,,,
2364,_r_20_22_29,1,1,,,
2365,_r_20_22_41,1,1,,,
2366,_r_20_22_61,1,1,,,
2367,_r_20_22_92,1,1,,,
2368,_r_20_46,1,1,,,
2369,_r_20_47,1,1,,,
2370,_r_20_56,1,1,,,
2371,_r_20_56_67,1,1,,,
2372,_r_212,1,1,,,
2373,_r_212_213,1,1,,,
2374,_r_21_22_23,1,1,,,
2375,_r_21_22_23_28_29,1,1,,,
2376,_r_21_22_23_30_31,1,1,,,
2377,_r_21_24_25_26,1,1,,,
2378,_r_21_24_25_27,1,1,,,
2379,_r_21_24_25_28,1,1,,,
2380,_r_21_24_25_32_33,1,1,,,
2381,_r_21_24_25_34_35,1,1,,,
2382,_r_21_26_27,1,1,,,
2383,_r_21_26_27_36_37,1,1,,,
2384,_r_21_26_27_38_39,1,1,,,
2385,_r_21_29,1,1,,,
2386,_r_21_32,1,1,,,
2387,_r_21_40,1,1,,,
2388,_r_21_48,1,1,,,
2389,_r_21_49,1,1,,,
2390,_r_21_51,1,1,,,
2391,_r_21_52,1,1,,,
2392,_r_21_53,1,1,,,
2393,_r_21_53_56,1,1,,,
2394,_r_21_53_57,1,1,,,
2395,_r_21_58,1,1,,,
2396,_r_21_58_59,1,1,,,
2397,_r_21_58_61,1,1,,,
2398,_r_22_23_24_55,1,1,,,
2399,_r_22_23_27,1,1,,,
2400,_r_22_24,1,1,,,
2401,_r_22_26,1,1,,,
2402,_r_22_26_27,1,1,,,
2403,_r_22_28,1,1,,,
2404,_r_22_28_29,1,1,,,
2405,_r_22_29,1,1,,,
2406,_r_22_30_66,1,1,,,
2407,_r_22_31,1,1,,,
2408,_r_22_34,1,1,,,
2409,_r_22_50,1,1,,,
2410,_r_22_51,1,1,,,
2411,_r_22_52,1,1,,,
2412,_r_22_53,1,1,,,
2413,_r_22_54,1,1,,,
2414,_r_22_55,1,1,,,
2415,_r_22_56,1,1,,,
2416,_r_23_19,1,1,,,
2417,_r_23_19_20,1,1,,,
2418,_r_23_19_20_24,1,1,,,
2419,_r_23_19_20_26,1,1,,,
2420,_r_23_19_21,1,1,,,
2421,_r_23_19_22,1,1,,,
2422,_r_23_19_23,1,1,,,
2423,_r_23_24_25,1,1,,,
2424,_r_23_26,1,1,,,
2425,_r_23_57,1,1,,,
2426,_r_23_58,1,1,,,
2427,_r_23_59,1,1,,,
2428,_r_24_25,1,1,,,
2429,_r_24_25_28,1,1,,,
2430,_r_24_25_35,1,1,,,
2431,_r_24_25_39,1,1,,,
2432,_r_24_26_30,1,1,,,
2433,_r_24_26_30_31,1,1,,,
2434,_r_24_26_30_32,1,1,,,
2435,_r_24_26_30_33,1,1,,,
2436,_r_24_26_30_34,1,1,,,
2437,_r_24_26_30_34_35_36,1,1,,,
2438,_r_24_26_30_34_35_37,1,1,,,
2439,_r_24_27,1,1,,,
2440,_r_24_27_35,1,1,,,
2441,_r_24_38,1,1,,,
2442,_r_24_38_40,1,1,,,
2443,_r_24_38_41,1,1,,,
2444,_r_24_38_42,1,1,,,
2445,_r_24_39,1,1,,,
2446,_r_24_39_43,1,1,,,
2447,_r_24_39_43_44,1,1,,,
2448,_r_24_49,1,1,,,
2449,_r_25_26_27,1,1,,,
2450,_r_25_26_28,1,1,,,
2451,_r_25_26_29,1,1,,,
2452,_r_25_26_30,1,1,,,
2453,_r_25_26_31,1,1,,,
2454,_r_25_26_32,1,1,,,
2455,_r_25_27_33,1,1,,,
2456,_r_25_27_36,1,1,,,
2457,_r_25_31,1,1,,,
2458,_r_25_38,1,1,,,
2459,_r_25_46,1,1,,,
2460,_r_25_56,1,1,,,
2461,_r_26_27_28_31_32,1,1,,,
2462,_r_26_27_28_33_34,1,1,,,
2463,_r_26_27_28_35_36,1,1,,,
2464,_r_26_27_30,1,1,,,
2465,_r_26_27_30_32,1,1,,,
2466,_r_26_27_30_33,1,1,,,
2467,_r_26_27_30_33_35,1,1,,,
2468,_r_26_29_30,1,1,,,
2469,_r_26_29_30_37_38,1,1,,,
2470,_r_26_29_30_39_40,1,1,,,
2471,_r_26_29_30_41_42,1,1,,,
2472,_r_26_31,1,1,,,
2473,_r_26_48,1,1,,,
2474,_r_26_49,1,1,,,
2475,_r_26_49_55,1,1,,,
2476,_r_26_49_58,1,1,,,
2477,_r_27_28_31,1,1,,,
2478,_r_27_28_31_36,1,1,,,
2479,_r_27_28_31_36_37,1,1,,,
2480,_r_27_28_31_36_38,1,1,,,
2481,_r_27_28_31_40,1,1,,,
2482,_r_27_31,1,1,,,
2483,_r_27_32,1,1,,,
2484,_r_27_32_38,1,1,,,
2485,_r_27_32_43,1,1,,,
2486,_r_27_35,1,1,,,
2487,_r_27_40,1,1,,,
2488,_r_27_51,1,1,,,
2489,_r_27_53,1,1,,,
2490,_r_27_53_54,1,1,,,
2491,_r_28_30,1,1,,,
2492,_r_28_30_35,1,1,,,
2493,_r_28_30_36,1,1,,,
2494,_r_28_35,1,1,,,
2495,_r_28_35_36,1,1,,,
2496,_r_28_36,1,1,,,
2497,_r_28_37,1,1,,,
2498,_r_28_42,1,1,,,
2499,_r_29_30_27,1,1,,,
2500,_r_2_106,1,1,,,
2501,_r_2_10_13,1,1,,,
2502,_r_2_10_14,1,1,,,
2503,_r_2_10_14_96,1,1,,,
2504,_r_2_10_17,1,1,,,
2505,_r_2_10_18,1,1,,,
2506,_r_2_10_20,1,1,,,
2507,_r_2_10_25,1,1,,,
2508,_r_2_110,1,1,,,
2509,_r_2_112,1,1,,,
2510,_r_2_112_550,1,1,,,
2511,_r_2_112_551,1,1,,,
2512,_r_2_112_552,1,1,,,
2513,_r_2_112_552_637,1,1,,,
2514,_r_2_112_552_638,1,1,,,
2515,_r_2_112_552_638_639,1,1,,,
2516,_r_2_112_552_638_639_642,1,1,,,
2517,_r_2_112_552_638_639_643,1,1,,,
2518,_r_2_112_552_638_639_644,1,1,,,
2519,_r_2_112_552_638_639_645,1,1,,,
2520,_r_2_112_552_638_639_651,1,1,,,
2521,_r_2_112_552_638_640,1,1,,,
2522,_r_2_112_552_638_641,1,1,,,
2523,_r_2_113,1,1,,,
2524,_r_2_113_171,1,1,,,
2525,_r_2_113_171_179,1,1,,,
2526,_r_2_113_171_179_185,1,1,,,
2527,_r_2_113_171_215,1,1,,,
2528,_r_2_113_171_229,1,1,,,
2529,_r_2_113_172,1,1,,,
2530,_r_2_113_553,1,1,,,
2531,_r_2_114,1,1,,,
2532,_r_2_114_116,1,1,,,
2533,_r_2_114_117,1,1,,,
2534,_r_2_115,1,1,,,
2535,_r_2_115_123,1,1,,,
2536,_r_2_115_124,1,1,,,
2537,_r_2_117,1,1,,,
2538,_r_2_11_12_27,1,1,,,
2539,_r_2_11_12_29,1,1,,,
2540,_r_2_11_12_29_35,1,1,,,
2541,_r_2_11_12_29_35_36,1,1,,,
2542,_r_2_11_12_30,1,1,,,
2543,_r_2_11_13_16,1,1,,,
2544,_r_2_11_14,1,1,,,
2545,_r_2_11_16,1,1,,,
2546,_r_2_11_17,1,1,,,
2547,_r_2_11_18,1,1,,,
2548,_r_2_12_13,1,1,,,
2549,_r_2_12_15,1,1,,,
2550,_r_2_12_16,1,1,,,
2551,_r_2_12_41,1,1,,,
2552,_r_2_13_14,1,1,,,
2553,_r_2_13_25,1,1,,,
2554,_r_2_13_25_42,1,1,,,
2555,_r_2_13_26,1,1,,,
2556,_r_2_13_26_47,1,1,,,
2557,_r_2_13_26_48,1,1,,,
2558,_r_2_14_15_16,1,1,,,
2559,_r_2_14_22_23,1,1,,,
2560,_r_2_14_24_25,1,1,,,
2561,_r_2_14_27,1,1,,,
2562,_r_2_14_27_52,1,1,,,
2563,_r_2_14_28,1,1,,,
2564,_r_2_14_28_53,1,1,,,
2565,_r_2_15_16_17,1,1,,,
2566,_r_2_15_16_17_18,1,1,,,
2567,_r_2_16_19,1,1,,,
2568,_r_2_16_20,1,1,,,
2569,_r_2_17_19,1,1,,,
2570,_r_2_18_19,1,1,,,
2571,_r_2_19_20,1,1,,,
2572,_r_2_21_22,1,1,,,
2573,_r_2_21_28,1,1,,,
2574,_r_2_22_23_24_25,1,1,,,
2575,_r_2_22_23_26_27,1,1,,,
2576,_r_2_23_25,1,1,,,
2577,_r_2_23_27,1,1,,,
2578,_r_2_23_56,1,1,,,
2579,_r_2_26_27_64,1,1,,,
2580,_r_2_26_27_65,1,1,,,
2581,_r_2_26_42,1,1,,,
2582,_r_2_27_28,1,1,,,
2583,_r_2_28_29,1,1,,,
2584,_r_2_28_30,1,1,,,
2585,_r_2_29_31,1,1,,,
2586,_r_2_30,1,1,,,
2587,_r_2_30_44_45,1,1,,,
2588,_r_2_30_46_47,1,1,,,
2589,_r_2_30_48_49,1,1,,,
2590,_r_2_30_52_53,1,1,,,
2591,_r_2_30_52_53_54_55,1,1,,,
2592,_r_2_30_52_53_56_57,1,1,,,
2593,_r_2_31_32,1,1,,,
2594,_r_2_31_33,1,1,,,
2595,_r_2_35_37,1,1,,,
2596,_r_2_36,1,1,,,
2597,_r_2_37_38,1,1,,,
2598,_r_2_37_38_39,1,1,,,
2599,_r_2_37_40,1,1,,,
2600,_r_2_37_47,1,1,,,
2601,_r_2_38_39,1,1,,,
2602,_r_2_38_40,1,1,,,
2603,_r_2_38_41,1,1,,,
2604,_r_2_3_24,1,1,,,
2605,_r_2_3_33,1,1,,,
2606,_r_2_3_34,1,1,,,
2607,_r_2_3_4_5,1,1,,,
2608,_r_2_3_4_5_6,1,1,,,
2609,_r_2_3_68,1,1,,,
2610,_r_2_3_88,1,1,,,
2611,_r_2_40,1,1,,,
2612,_r_2_41_43,1,1,,,
2613,_r_2_43,1,1,,,
2614,_r_2_44_45,1,1,,,
2615,_r_2_44_47,1,1,,,
2616,_r_2_44_48,1,1,,,
2617,_r_2_44_90,1,1,,,
2618,_r_2_45_51,1,1,,,
2619,_r_2_45_51_54,1,1,,,
2620,_r_2_45_52,1,1,,,
2621,_r_2_45_60,1,1,,,
2622,_r_2_45_62,1,1,,,
2623,_r_2_45_91,1,1,,,
2624,_r_2_45_92,1,1,,,
2625,_r_2_46,1,1,,,
2626,_r_2_47_49,1,1,,,
2627,_r_2_48_49,1,1,,,
2628,_r_2_4_10,1,1,,,
2629,_r_2_4_12,1,1,,,
2630,_r_2_4_20,1,1,,,
2631,_r_2_4_20_22,1,1,,,
2632,_r_2_4_20_22_23,1,1,,,
2633,_r_2_4_23,1,1,,,
2634,_r_2_4_5_6_7,1,1,,,
2635,_r_2_4_5_6_7_8_9,1,1,,,
2636,_r_2_4_5_6_7_8_9_10_11,1,1,,,
2637,_r_2_50,1,1,,,
2638,_r_2_50_51,1,1,,,
2639,_r_2_51_53,1,1,,,
2640,_r_2_51_55,1,1,,,
2641,_r_2_54_55,1,1,,,
2642,_r_2_54_56,1,1,,,
2643,_r_2_57,1,1,,,
2644,_r_2_57_58,1,1,,,
2645,_r_2_57_59,1,1,,,
2646,_r_2_57_60,1,1,,,
2647,_r_2_57_61,1,1,,,
2648,_r_2_58,1,1,,,
2649,_r_2_58_59,1,1,,,
2650,_r_2_5_6_11,1,1,,,
2651,_r_2_5_7,1,1,,,
2652,_r_2_5_8,1,1,,,
2653,_r_2_5_9,1,1,,,
2654,_r_2_6_11,1,1,,,
2655,_r_2_6_12,1,1,,,
2656,_r_2_6_18,1,1,,,
2657,_r_2_6_8,1,1,,,
2658,_r_2_6_9,1,1,,,
2659,_r_2_78_80,1,1,,,
2660,_r_2_79,1,1,,,
2661,_r_2_7_10,1,1,,,
2662,_r_2_7_11,1,1,,,
2663,_r_2_7_13,1,1,,,
2664,_r_2_7_14,1,1,,,
2665,_r_2_7_15,1,1,,,
2666,_r_2_7_20,1,1,,,
2667,_r_2_7_21,1,1,,,
2668,_r_2_7_8_12,1,1,,,
2669,_r_2_7_9,1,1,,,
2670,_r_2_80,1,1,,,
2671,_r_2_80_88,1,1,,,
2672,_r_2_86,1,1,,,
2673,_r_2_86_87,1,1,,,
2674,_r_2_86_88,1,1,,,
2675,_r_2_8_11,1,1,,,
2676,_r_2_8_12,1,1,,,
2677,_r_2_8_17,1,1,,,
2678,_r_2_8_37_38,1,1,,,
2679,_r_2_8_37_38_39,1,1,,,
2680,_r_2_8_37_38_39_42,1,1,,,
2681,_r_2_8_37_38_39_43,1,1,,,
2682,_r_2_8_37_38_40,1,1,,,
2683,_r_2_8_37_38_40_44,1,1,,,
2684,_r_2_8_37_38_40_46,1,1,,,
2685,_r_2_8_37_38_41,1,1,,,
2686,_r_2_8_37_38_41_45,1,1,,,
2687,_r_2_8_37_38_41_47,1,1,,,
2688,_r_2_99,1,1,,,
2689,_r_2_9_10_13,1,1,,,
2690,_r_2_9_11,1,1,,,
2691,_r_2_9_12,1,1,,,
2692,_r_2_9_16,1,1,,,
2693,_r_2_9_17,1,1,,,
2694,_r_2_9_20,1,1,,,
2695,_r_2_9_29,1,1,,,
2696,_r_2_9_30,1,1,,,
2697,_r_2_9_31,1,1,,,
2698,_r_2_9_32,1,1,,,
2699,_r_30_299,1,1,,,
2700,_r_30_299_300_301,1,1,,,
2701,_r_30_299_300_301_302,1,1,,,
2702,_r_30_299_300_301_307,1,1,,,
2703,_r_30_299_300_301_314,1,1,,,
2704,_r_30_299_300_301_320,1,1,,,
2705,_r_30_299_300_301_325,1,1,,,
2706,_r_30_299_300_301_331,1,1,,,
2707,_r_30_299_300_301_336,1,1,,,
2708,_r_30_299_300_301_342,1,1,,,
2709,_r_30_299_300_301_348,1,1,,,
2710,_r_30_31_32,1,1,,,
2711,_r_30_31_32_33,1,1,,,
2712,_r_30_31_33,1,1,,,
2713,_r_30_31_34_35,1,1,,,
2714,_r_30_31_34_35_36_37,1,1,,,
2715,_r_30_31_34_35_36_37_38_39,1,1,,,
2716,_r_30_35_36,1,1,,,
2717,_r_30_35_36_186_187,1,1,,,
2718,_r_30_35_36_188,1,1,,,
2719,_r_30_36,1,1,,,
2720,_r_30_36_53,1,1,,,
2721,_r_30_36_54,1,1,,,
2722,_r_30_77,1,1,,,
2723,_r_31_31,1,1,,,
2724,_r_31_32_33,1,1,,,
2725,_r_31_41,1,1,,,
2726,_r_31_43,1,1,,,
2727,_r_31_44,1,1,,,
2728,_r_32_33,1,1,,,
2729,_r_32_34,1,1,,,
2730,_r_33_35,1,1,,,
2731,_r_33_37,1,1,,,
2732,_r_33_39,1,1,,,
2733,_r_33_42,1,1,,,
2734,_r_33_46,1,1,,,
2735,_r_33_51,1,1,,,
2736,_r_33_52,1,1,,,
2737,_r_33_52_53,1,1,,,
2738,_r_33_52_54,1,1,,,
2739,_r_34_36,1,1,,,
2740,_r_34_37,1,1,,,
2741,_r_34_38,1,1,,,
2742,_r_34_56,1,1,,,
2743,_r_34_61,1,1,,,
2744,_r_34_63,1,1,,,
2745,_r_35_44,1,1,,,
2746,_r_35_48,1,1,,,
2747,_r_36_39,1,1,,,
2748,_r_36_40,1,1,,,
2749,_r_36_41,1,1,,,
2750,_r_37_40,1,1,,,
2751,_r_38_45,1,1,,,
2752,_r_38_46,1,1,,,
2753,_r_38_50,1,1,,,
2754,_r_38_51,1,1,,,
2755,_r_38_53,1,1,,,
2756,_r_38_55,1,1,,,
2757,_r_39_44,1,1,,,
2758,_r_39_45,1,1,,,
2759,_r_3_101,1,1,,,
2760,_r_3_102,1,1,,,
2761,_r_3_103,1,1,,,
2762,_r_3_104,1,1,,,
2763,_r_3_107,1,1,,,
2764,_r_3_10_12,1,1,,,
2765,_r_3_10_26,1,1,,,
2766,_r_3_11_13_14,1,1,,,
2767,_r_3_11_14,1,1,,,
2768,_r_3_11_15,1,1,,,
2769,_r_3_11_15_16,1,1,,,
2770,_r_3_11_16,1,1,,,
2771,_r_3_11_17_18,1,1,,,
2772,_r_3_11_17_18_21_22,1,1,,,
2773,_r_3_11_17_18_23_24,1,1,,,
2774,_r_3_11_17_18_25_26,1,1,,,
2775,_r_3_11_17_18_27_28,1,1,,,
2776,_r_3_11_18,1,1,,,
2777,_r_3_11_19_20,1,1,,,
2778,_r_3_11_47,1,1,,,
2779,_r_3_12_13_14,1,1,,,
2780,_r_3_12_13_15,1,1,,,
2781,_r_3_12_13_16,1,1,,,
2782,_r_3_12_13_17,1,1,,,
2783,_r_3_12_13_23,1,1,,,
2784,_r_3_12_14,1,1,,,
2785,_r_3_14_17,1,1,,,
2786,_r_3_15_16,1,1,,,
2787,_r_3_164,1,1,,,
2788,_r_3_165,1,1,,,
2789,_r_3_17_18,1,1,,,
2790,_r_3_18_19,1,1,,,
2791,_r_3_18_20,1,1,,,
2792,_r_3_19_20,1,1,,,
2793,_r_3_20_101,1,1,,,
2794,_r_3_20_103,1,1,,,
2795,_r_3_20_104,1,1,,,
2796,_r_3_21_22,1,1,,,
2797,_r_3_22_30,1,1,,,
2798,_r_3_23_24,1,1,,,
2799,_r_3_24_27_28,1,1,,,
2800,_r_3_24_29_30,1,1,,,
2801,_r_3_25_27,1,1,,,
2802,_r_3_25_28,1,1,,,
2803,_r_3_25_31_32,1,1,,,
2804,_r_3_25_33_34,1,1,,,
2805,_r_3_26_29,1,1,,,
2806,_r_3_26_29_30,1,1,,,
2807,_r_3_26_29_31,1,1,,,
2808,_r_3_26_35_36,1,1,,,
2809,_r_3_26_37_38,1,1,,,
2810,_r_3_27_28,1,1,,,
2811,_r_3_27_28_31,1,1,,,
2812,_r_3_27_28_33_34,1,1,,,
2813,_r_3_27_28_35_36,1,1,,,
2814,_r_3_28_29,1,1,,,
2815,_r_3_28_50,1,1,,,
2816,_r_3_29_30,1,1,,,
2817,_r_3_29_30_37_38,1,1,,,
2818,_r_3_29_30_39_40,1,1,,,
2819,_r_3_30_31,1,1,,,
2820,_r_3_31,1,1,,,
2821,_r_3_31_32,1,1,,,
2822,_r_3_31_32_41_42,1,1,,,
2823,_r_3_31_32_43_44,1,1,,,
2824,_r_3_32,1,1,,,
2825,_r_3_34,1,1,,,
2826,_r_3_36,1,1,,,
2827,_r_3_38_39,1,1,,,
2828,_r_3_40_41,1,1,,,
2829,_r_3_43,1,1,,,
2830,_r_3_44,1,1,,,
2831,_r_3_44_66,1,1,,,
2832,_r_3_46,1,1,,,
2833,_r_3_4_10,1,1,,,
2834,_r_3_4_11,1,1,,,
2835,_r_3_4_13,1,1,,,
2836,_r_3_4_13_14,1,1,,,
2837,_r_3_4_15_16,1,1,,,
2838,_r_3_4_20_21,1,1,,,
2839,_r_3_4_5_25,1,1,,,
2840,_r_3_4_5_25_26,1,1,,,
2841,_r_3_4_5_25_26_31,1,1,,,
2842,_r_3_4_5_25_26_31_32,1,1,,,
2843,_r_3_4_5_25_26_31_32_33,1,1,,,
2844,_r_3_4_5_25_26_31_47,1,1,,,
2845,_r_3_4_5_25_26_31_47_48,1,1,,,
2846,_r_3_4_5_6,1,1,,,
2847,_r_3_4_5_6_7_8,1,1,,,
2848,_r_3_4_5_6_7_8_9_10,1,1,,,
2849,_r_3_4_5_6_7_8_9_10_11_12,1,1,,,
2850,_r_3_4_5_6_7_8_9_10_11_12_13_14,1,1,,,
2851,_r_3_4_5_6_7_8_9_10_11_12_13_14_15_16,1,1,,,
2852,_r_3_4_5_6_7_8_9_10_11_12_13_14_15_16_17_18,1,1,,,
2853,_r_3_4_7,1,1,,,
2854,_r_3_4_9,1,1,,,
2855,_r_3_52,1,1,,,
2856,_r_3_53,1,1,,,
2857,_r_3_53_54,1,1,,,
2858,_r_3_55,1,1,,,
2859,_r_3_56_57,1,1,,,
2860,_r_3_57_58,1,1,,,
2861,_r_3_57_60,1,1,,,
2862,_r_3_57_61,1,1,,,
2863,_r_3_57_62,1,1,,,
2864,_r_3_5_17_18,1,1,,,
2865,_r_3_5_19_20,1,1,,,
2866,_r_3_5_21_22,1,1,,,
2867,_r_3_60,1,1,,,
2868,_r_3_60_61,1,1,,,
2869,_r_3_61,1,1,,,
2870,_r_3_62,1,1,,,
2871,_r_3_64_65,1,1,,,
2872,_r_3_66_67,1,1,,,
2873,_r_3_6_7,1,1,,,
2874,_r_3_6_7_8,1,1,,,
2875,_r_3_74,1,1,,,
2876,_r_3_74_75,1,1,,,
2877,_r_3_76,1,1,,,
2878,_r_3_76_77,1,1,,,
2879,_r_3_76_78,1,1,,,
2880,_r_3_7_18,1,1,,,
2881,_r_3_7_18_20_21,1,1,,,
2882,_r_3_7_19,1,1,,,
2883,_r_3_7_19_35_36,1,1,,,
2884,_r_3_7_33,1,1,,,
2885,_r_3_7_34,1,1,,,
2886,_r_3_81_82,1,1,,,
2887,_r_3_85,1,1,,,
2888,_r_3_85_86,1,1,,,
2889,_r_3_8_10,1,1,,,
2890,_r_3_8_11,1,1,,,
2891,_r_3_8_9,1,1,,,
2892,_r_3_94_95,1,1,,,
2893,_r_3_98,1,1,,,
2894,_r_3_9_31,1,1,,,
2895,_r_3_9_49,1,1,,,
2896,_r_40_41,1,1,,,
2897,_r_40_41_47_48,1,1,,,
2898,_r_40_41_49_50,1,1,,,
2899,_r_40_42,1,1,,,
2900,_r_40_42_51_52,1,1,,,
2901,_r_40_42_53_54,1,1,,,
2902,_r_40_42_55_56,1,1,,,
2903,_r_40_42_57_58,1,1,,,
2904,_r_40_42_59_60,1,1,,,
2905,_r_40_43,1,1,,,
2906,_r_40_43_61_62,1,1,,,
2907,_r_40_43_63_64,1,1,,,
2908,_r_40_43_65_66,1,1,,,
2909,_r_40_43_67_68,1,1,,,
2910,_r_40_43_69_70,1,1,,,
2911,_r_41_42_46,1,1,,,
2912,_r_41_51,1,1,,,
2913,_r_41_51_54,1,1,,,
2914,_r_41_51_55,1,1,,,
2915,_r_42_43,1,1,,,
2916,_r_43_45_49_50,1,1,,,
2917,_r_43_45_50,1,1,,,
2918,_r_43_45_51_52,1,1,,,
2919,_r_43_45_53_54,1,1,,,
2920,_r_43_45_55_56,1,1,,,
2921,_r_43_45_57_58,1,1,,,
2922,_r_43_46_49,1,1,,,
2923,_r_43_46_50,1,1,,,
2924,_r_43_46_59_60,1,1,,,
2925,_r_43_46_61_62,1,1,,,
2926,_r_43_47_63_64,1,1,,,
2927,_r_43_47_65_66,1,1,,,
2928,_r_43_47_67_68,1,1,,,
2929,_r_43_47_69_70,1,1,,,
2930,_r_43_47_71_72,1,1,,,
2931,_r_43_48,1,1,,,
2932,_r_43_51,1,1,,,
2933,_r_43_51_52,1,1,,,
2934,_r_44_46,1,1,,,
2935,_r_44_49,1,1,,,
2936,_r_44_50,1,1,,,
2937,_r_44_51,1,1,,,
2938,_r_45_47,1,1,,,
2939,_r_45_52,1,1,,,
2940,_r_46_47_48,1,1,,,
2941,_r_46_47_55,1,1,,,
2942,_r_46_47_56,1,1,,,
2943,_r_46_49_50,1,1,,,
2944,_r_46_54,1,1,,,
2945,_r_47_50,1,1,,,
2946,_r_47_51,1,1,,,
2947,_r_47_51_50,1,1,,,
2948,_r_47_51_50_51,1,1,,,
2949,_r_47_51_50_52,1,1,,,
2950,_r_47_51_64,1,1,,,
2951,_r_47_53,1,1,,,
2952,_r_47_53_56,1,1,,,
2953,_r_47_53_57,1,1,,,
2954,_r_47_53_59,1,1,,,
2955,_r_47_55,1,1,,,
2956,_r_48_57,1,1,,,
2957,_r_48_59,1,1,,,
2958,_r_48_60,1,1,,,
2959,_r_48_61,1,1,,,
2960,_r_48_61_62,1,1,,,
2961,_r_48_61_63,1,1,,,
2962,_r_48_61_64,1,1,,,
2963,_r_48_61_67,1,1,,,
2964,_r_49_50_51,1,1,,,
2965,_r_49_50_52,1,1,,,
2966,_r_49_50_54,1,1,,,
2967,_r_49_50_58,1,1,,,
2968,_r_49_50_59,1,1,,,
2969,_r_49_50_60,1,1,,,
2970,_r_49_50_62,1,1,,,
2971,_r_49_50_68,1,1,,,
2972,_r_49_50_69,1,1,,,
2973,_r_49_50_70,1,1,,,
2974,_r_49_50_71,1,1,,,
2975,_r_49_50_72,1,1,,,
2976,_r_49_50_76,1,1,,,
2977,_r_4_15_16,1,1,,,
2978,_r_4_17_18,1,1,,,
2979,_r_4_19_33,1,1,,,
2980,_r_4_19_36,1,1,,,
2981,_r_4_20_22,1,1,,,
2982,_r_4_20_23,1,1,,,
2983,_r_4_20_24,1,1,,,
2984,_r_4_20_25,1,1,,,
2985,_r_4_20_25_26,1,1,,,
2986,_r_4_20_25_27,1,1,,,
2987,_r_4_20_28,1,1,,,
2988,_r_4_20_28_29,1,1,,,
2989,_r_4_20_28_30,1,1,,,
2990,_r_4_22_23,1,1,,,
2991,_r_4_22_24,1,1,,,
2992,_r_4_23_25,1,1,,,
2993,_r_4_24_26,1,1,,,
2994,_r_4_26,1,1,,,
2995,_r_4_27_29,1,1,,,
2996,_r_4_27_29_33_34,1,1,,,
2997,_r_4_27_29_36_37,1,1,,,
2998,_r_4_27_30,1,1,,,
2999,_r_4_28_29,1,1,,,
3000,_r_4_28_31,1,1,,,
3001,_r_4_28_31_38_39,1,1,,,
3002,_r_4_28_31_41_42,1,1,,,
3003,_r_4_28_32,1,1,,,
3004,_r_4_30_34,1,1,,,
3005,_r_4_31_32,1,1,,,
3006,_r_4_32_48,1,1,,,
3007,_r_4_33_34,1,1,,,
3008,_r_4_37_40,1,1,,,
3009,_r_4_38,1,1,,,
3010,_r_4_39_54,1,1,,,
3011,_r_4_39_55,1,1,,,
3012,_r_4_41_42,1,1,,,
3013,_r_4_41_44,1,1,,,
3014,_r_4_41_47,1,1,,,
3015,_r_4_41_48,1,1,,,
3016,_r_4_42,1,1,,,
3017,_r_4_45_49_50,1,1,,,
3018,_r_4_45_51_52,1,1,,,
3019,_r_4_46,1,1,,,
3020,_r_4_46_53_54,1,1,,,
3021,_r_4_46_55_56,1,1,,,
3022,_r_4_46_57_58,1,1,,,
3023,_r_4_46_59_60,1,1,,,
3024,_r_4_46_61_62,1,1,,,
3025,_r_4_47_63_64,1,1,,,
3026,_r_4_47_65_66,1,1,,,
3027,_r_4_47_67_68,1,1,,,
3028,_r_4_47_69_70,1,1,,,
3029,_r_4_47_71_72,1,1,,,
3030,_r_4_51,1,1,,,
3031,_r_4_51_53,1,1,,,
3032,_r_4_58,1,1,,,
3033,_r_4_5_10,1,1,,,
3034,_r_4_5_26,1,1,,,
3035,_r_4_5_26_27,1,1,,,
3036,_r_4_5_26_32,1,1,,,
3037,_r_4_5_26_42,1,1,,,
3038,_r_4_5_26_42_25,1,1,,,
3039,_r_4_5_6_17,1,1,,,
3040,_r_4_5_6_17_18,1,1,,,
3041,_r_4_5_6_17_18_19,1,1,,,
3042,_r_4_5_9,1,1,,,
3043,_r_4_64_78,1,1,,,
3044,_r_4_69,1,1,,,
3045,_r_4_6_7,1,1,,,
3046,_r_4_71,1,1,,,
3047,_r_4_71_72,1,1,,,
3048,_r_4_71_73,1,1,,,
3049,_r_4_71_74,1,1,,,
3050,_r_4_71_75,1,1,,,
3051,_r_4_72,1,1,,,
3052,_r_4_73,1,1,,,
3053,_r_4_7_36,1,1,,,
3054,_r_4_7_36_37,1,1,,,
3055,_r_4_7_36_41,1,1,,,
3056,_r_4_7_8_10,1,1,,,
3057,_r_4_7_9,1,1,,,
3058,_r_4_7_9_11,1,1,,,
3059,_r_4_89,1,1,,,
3060,_r_4_89_90,1,1,,,
3061,_r_4_89_91,1,1,,,
3062,_r_4_89_92,1,1,,,
3063,_r_4_8_32,1,1,,,
3064,_r_4_8_47,1,1,,,
3065,_r_4_8_57,1,1,,,
3066,_r_4_8_57_60_61,1,1,,,
3067,_r_4_8_9,1,1,,,
3068,_r_4_8_9_53,1,1,,,
3069,_r_4_9_11,1,1,,,
3070,_r_4_9_14,1,1,,,
3071,_r_4_9_15,1,1,,,
3072,_r_4_9_16,1,1,,,
3073,_r_4_9_28,1,1,,,
3074,_r_4_9_29,1,1,,,
3075,_r_51_52_57,1,1,,,
3076,_r_51_52_58,1,1,,,
3077,_r_51_53,1,1,,,
3078,_r_51_53_59,1,1,,,
3079,_r_51_54_30,1,1,,,
3080,_r_51_54_31,1,1,,,
3081,_r_51_54_55,1,1,,,
3082,_r_51_54_56,1,1,,,
3083,_r_51_54_58,1,1,,,
3084,_r_51_55,1,1,,,
3085,_r_51_55_32,1,1,,,
3086,_r_51_55_34,1,1,,,
3087,_r_51_55_35,1,1,,,
3088,_r_51_56,1,1,,,
3089,_r_51_56_37,1,1,,,
3090,_r_51_56_38,1,1,,,
3091,_r_51_56_39,1,1,,,
3092,_r_51_70,1,1,,,
3093,_r_51_90,1,1,,,
3094,_r_51_90_91,1,1,,,
3095,_r_51_90_91_100,1,1,,,
3096,_r_51_90_91_100_110,1,1,,,
3097,_r_51_90_91_111,1,1,,,
3098,_r_51_90_91_92,1,1,,,
3099,_r_51_90_91_94,1,1,,,
3100,_r_51_90_91_95,1,1,,,
3101,_r_51_90_91_96,1,1,,,
3102,_r_51_90_91_97,1,1,,,
3103,_r_51_97,1,1,,,
3104,_r_51_98,1,1,,,
3105,_r_52_53,1,1,,,
3106,_r_52_54_55,1,1,,,
3107,_r_52_56,1,1,,,
3108,_r_52_57,1,1,,,
3109,_r_52_58,1,1,,,
3110,_r_52_59,1,1,,,
3111,_r_52_61,1,1,,,
3112,_r_52_62,1,1,,,
3113,_r_52_63,1,1,,,
3114,_r_52_65,1,1,,,
3115,_r_52_66,1,1,,,
3116,_r_52_66_68,1,1,,,
3117,_r_52_67,1,1,,,
3118,_r_52_67_69_70,1,1,,,
3119,_r_52_67_69_70_71,1,1,,,
3120,_r_53_76,1,1,,,
3121,_r_53_77,1,1,,,
3122,_r_54_57,1,1,,,
3123,_r_54_67,1,1,,,
3124,_r_54_67_68,1,1,,,
3125,_r_55_56,1,1,,,
3126,_r_55_56_61_62,1,1,,,
3127,_r_55_56_61_62_63,1,1,,,
3128,_r_55_56_61_62_63_66,1,1,,,
3129,_r_55_56_61_62_64,1,1,,,
3130,_r_55_56_61_62_64_69,1,1,,,
3131,_r_55_58,1,1,,,
3132,_r_56_57_58,1,1,,,
3133,_r_56_57_58_59,1,1,,,
3134,_r_56_58,1,1,,,
3135,_r_57_63,1,1,,,
3136,_r_57_63_101,1,1,,,
3137,_r_57_63_101_102,1,1,,,
3138,_r_57_63_101_119,1,1,,,
3139,_r_57_97,1,1,,,
3140,_r_57_97_98,1,1,,,
3141,_r_57_97_98_120,1,1,,,
3142,_r_57_99,1,1,,,
3143,_r_57_99_100,1,1,,,
3144,_r_57_99_100_121,1,1,,,
3145,_r_58_59_60,1,1,,,
3146,_r_58_59_60_62,1,1,,,
3147,_r_58_59_62,1,1,,,
3148,_r_58_60,1,1,,,
3149,_r_58_61,1,1,,,
3150,_r_58_63,1,1,,,
3151,_r_58_63_64,1,1,,,
3152,_r_58_63_95,1,1,,,
3153,_r_58_70,1,1,,,
3154,_r_58_70_71,1,1,,,
3155,_r_58_70_72,1,1,,,
3156,_r_58_70_73,1,1,,,
3157,_r_5_10_12,1,1,,,
3158,_r_5_12_14,1,1,,,
3159,_r_5_13_14_15_16,1,1,,,
3160,_r_5_13_16,1,1,,,
3161,_r_5_13_17,1,1,,,
3162,_r_5_14,1,1,,,
3163,_r_5_142,1,1,,,
3164,_r_5_143,1,1,,,
3165,_r_5_14_15,1,1,,,
3166,_r_5_14_22,1,1,,,
3167,_r_5_14_22_34,1,1,,,
3168,_r_5_14_22_36,1,1,,,
3169,_r_5_14_24,1,1,,,
3170,_r_5_15_17,1,1,,,
3171,_r_5_15_18,1,1,,,
3172,_r_5_15_19,1,1,,,
3173,_r_5_16_20,1,1,,,
3174,_r_5_16_20_23,1,1,,,
3175,_r_5_17_53,1,1,,,
3176,_r_5_18_20,1,1,,,
3177,_r_5_19,1,1,,,
3178,_r_5_19_20,1,1,,,
3179,_r_5_19_22,1,1,,,
3180,_r_5_20_22,1,1,,,
3181,_r_5_20_24,1,1,,,
3182,_r_5_21_22,1,1,,,
3183,_r_5_23_24,1,1,,,
3184,_r_5_25_26_27,1,1,,,
3185,_r_5_25_26_28,1,1,,,
3186,_r_5_25_26_29,1,1,,,
3187,_r_5_25_26_30,1,1,,,
3188,_r_5_25_26_31,1,1,,,
3189,_r_5_27,1,1,,,
3190,_r_5_28_30,1,1,,,
3191,_r_5_28_35,1,1,,,
3192,_r_5_28_35_36,1,1,,,
3193,_r_5_28_37,1,1,,,
3194,_r_5_29,1,1,,,
3195,_r_5_29_30,1,1,,,
3196,_r_5_29_46,1,1,,,
3197,_r_5_29_47,1,1,,,
3198,_r_5_31_32,1,1,,,
3199,_r_5_32,1,1,,,
3200,_r_5_32_33,1,1,,,
3201,_r_5_33_34,1,1,,,
3202,_r_5_34,1,1,,,
3203,_r_5_34_35,1,1,,,
3204,_r_5_35_36,1,1,,,
3205,_r_5_36_37,1,1,,,
3206,_r_5_37,1,1,,,
3207,_r_5_37_38,1,1,,,
3208,_r_5_38_58,1,1,,,
3209,_r_5_39,1,1,,,
3210,_r_5_39_40,1,1,,,
3211,_r_5_40,1,1,,,
3212,_r_5_41_42,1,1,,,
3213,_r_5_46,1,1,,,
3214,_r_5_47,1,1,,,
3215,_r_5_49,1,1,,,
3216,_r_5_51,1,1,,,
3217,_r_5_55,1,1,,,
3218,_r_5_61,1,1,,,
3219,_r_5_6_10,1,1,,,
3220,_r_5_6_26,1,1,,,
3221,_r_5_6_27,1,1,,,
3222,_r_5_6_7,1,1,,,
3223,_r_5_6_8,1,1,,,
3224,_r_5_6_9,1,1,,,
3225,_r_5_7_10,1,1,,,
3226,_r_5_7_11,1,1,,,
3227,_r_5_7_12,1,1,,,
3228,_r_5_7_13,1,1,,,
3229,_r_5_7_22,1,1,,,
3230,_r_5_7_8,1,1,,,
3231,_r_5_7_9,1,1,,,
3232,_r_5_8_31,1,1,,,
3233,_r_60_62,1,1,,,
3234,_r_60_63,1,1,,,
3235,_r_60_64,1,1,,,
3236,_r_60_65,1,1,,,
3237,_r_63,1,1,,,
3238,_r_63_64,1,1,,,
3239,_r_63_64_65,1,1,,,
3240,_r_63_64_66,1,1,,,
3241,_r_63_69,1,1,,,
3242,_r_63_69_70,1,1,,,
3243,_r_63_69_71,1,1,,,
3244,_r_63_69_73,1,1,,,
3245,_r_64_107_108,1,1,,,
3246,_r_64_107_108_109,1,1,,,
3247,_r_64_107_108_109_110_111,1,1,,,
3248,_r_64_107_108_109_114_115,1,1,,,
3249,_r_64_69_70,1,1,,,
3250,_r_64_69_70_97,1,1,,,
3251,_r_64_69_70_97_116_117,1,1,,,
3252,_r_64_69_70_97_98_99,1,1,,,
3253,_r_64_71_72,1,1,,,
3254,_r_64_71_72_73,1,1,,,
3255,_r_64_71_72_73_76_77,1,1,,,
3256,_r_64_71_72_73_79_80,1,1,,,
3257,_r_64_71_72_73_83_84,1,1,,,
3258,_r_64_71_72_73_85_86,1,1,,,
3259,_r_64_71_72_74,1,1,,,
3260,_r_64_71_72_74_87_88,1,1,,,
3261,_r_64_71_72_74_89_90,1,1,,,
3262,_r_64_91_92,1,1,,,
3263,_r_65_72,1,1,,,
3264,_r_65_75,1,1,,,
3265,_r_67_40,1,1,,,
3266,_r_67_42,1,1,,,
3267,_r_6_10_14,1,1,,,
3268,_r_6_10_14_15,1,1,,,
3269,_r_6_10_40,1,1,,,
3270,_r_6_11_12,1,1,,,
3271,_r_6_12_15,1,1,,,
3272,_r_6_12_16,1,1,,,
3273,_r_6_12_17,1,1,,,
3274,_r_6_13_15,1,1,,,
3275,_r_6_13_27,1,1,,,
3276,_r_6_13_27_35,1,1,,,
3277,_r_6_13_29,1,1,,,
3278,_r_6_13_29_30,1,1,,,
3279,_r_6_14_15,1,1,,,
3280,_r_6_14_16,1,1,,,
3281,_r_6_15,1,1,,,
3282,_r_6_16_17,1,1,,,
3283,_r_6_17_18,1,1,,,
3284,_r_6_17_18_19,1,1,,,
3285,_r_6_17_18_20,1,1,,,
3286,_r_6_17_21,1,1,,,
3287,_r_6_17_21_22,1,1,,,
3288,_r_6_17_21_23,1,1,,,
3289,_r_6_18_19,1,1,,,
3290,_r_6_24,1,1,,,
3291,_r_6_24_27,1,1,,,
3292,_r_6_24_28,1,1,,,
3293,_r_6_24_29,1,1,,,
3294,_r_6_24_30,1,1,,,
3295,_r_6_24_43,1,1,,,
3296,_r_6_25,1,1,,,
3297,_r_6_27,1,1,,,
3298,_r_6_31,1,1,,,
3299,_r_6_32,1,1,,,
3300,_r_6_34,1,1,,,
3301,_r_6_34_37,1,1,,,
3302,_r_6_34_38,1,1,,,
3303,_r_6_36,1,1,,,
3304,_r_6_36_37,1,1,,,
3305,_r_6_38,1,1,,,
3306,_r_6_39_40,1,1,,,
3307,_r_6_39_41,1,1,,,
3308,_r_6_41,1,1,,,
3309,_r_6_46_51,1,1,,,
3310,_r_6_47,1,1,,,
3311,_r_6_49,1,1,,,
3312,_r_6_51,1,1,,,
3313,_r_6_56,1,1,,,
3314,_r_6_59,1,1,,,
3315,_r_6_61,1,1,,,
3316,_r_6_63,1,1,,,
3317,_r_6_64,1,1,,,
3318,_r_6_65,1,1,,,
3319,_r_6_66,1,1,,,
3320,_r_6_67,1,1,,,
3321,_r_6_68,1,1,,,
3322,_r_6_69,1,1,,,
3323,_r_6_70,1,1,,,
3324,_r_6_72,1,1,,,
3325,_r_6_73_74,1,1,,,
3326,_r_6_73_75,1,1,,,
3327,_r_6_74,1,1,,,
3328,_r_6_75,1,1,,,
3329,_r_6_77,1,1,,,
3330,_r_6_78,1,1,,,
3331,_r_6_7_11,1,1,,,
3332,_r_6_7_17,1,1,,,
3333,_r_6_7_18,1,1,,,
3334,_r_6_7_9,1,1,,,
3335,_r_6_87,1,1,,,
3336,_r_6_89,1,1,,,
3337,_r_6_8_12,1,1,,,
3338,_r_6_8_13,1,1,,,
3339,_r_6_90,1,1,,,
3340,_r_6_91,1,1,,,
3341,_r_71_65,1,1,,,
3342,_r_71_72,1,1,,,
3343,_r_71_78,1,1,,,
3344,_r_71_78_80,1,1,,,
3345,_r_71_78_84,1,1,,,
3346,_r_71_96,1,1,,,
3347,_r_72,1,1,,,
3348,_r_75_76,1,1,,,
3349,_r_75_77,1,1,,,
3350,_r_75_79,1,1,,,
3351,_r_75_80,1,1,,,
3352,_r_78,1,1,,,
3353,_r_79_80,1,1,,,
3354,_r_79_81,1,1,,,
3355,_r_7_10_14,1,1,,,
3356,_r_7_10_15,1,1,,,
3357,_r_7_10_23,1,1,,,
3358,_r_7_10_25,1,1,,,
3359,_r_7_10_26,1,1,,,
3360,_r_7_10_30,1,1,,,
3361,_r_7_10_31,1,1,,,
3362,_r_7_10_33,1,1,,,
3363,_r_7_10_34,1,1,,,
3364,_r_7_11_13,1,1,,,
3365,_r_7_12_15,1,1,,,
3366,_r_7_12_16,1,1,,,
3367,_r_7_13_14,1,1,,,
3368,_r_7_13_15,1,1,,,
3369,_r_7_13_16,1,1,,,
3370,_r_7_14,1,1,,,
3371,_r_7_15_16,1,1,,,
3372,_r_7_15_17,1,1,,,
3373,_r_7_15_18,1,1,,,
3374,_r_7_19,1,1,,,
3375,_r_7_20,1,1,,,
3376,_r_7_23,1,1,,,
3377,_r_7_24,1,1,,,
3378,_r_7_26,1,1,,,
3379,_r_7_29,1,1,,,
3380,_r_7_30_31,1,1,,,
3381,_r_7_30_32,1,1,,,
3382,_r_7_30_32_33,1,1,,,
3383,_r_7_30_32_34,1,1,,,
3384,_r_7_30_32_35,1,1,,,
3385,_r_7_32,1,1,,,
3386,_r_7_33,1,1,,,
3387,_r_7_35,1,1,,,
3388,_r_7_35_46,1,1,,,
3389,_r_7_35_56,1,1,,,
3390,_r_7_36,1,1,,,
3391,_r_7_36_37,1,1,,,
3392,_r_7_36_39,1,1,,,
3393,_r_7_39,1,1,,,
3394,_r_7_43_45,1,1,,,
3395,_r_7_43_46,1,1,,,
3396,_r_7_43_47,1,1,,,
3397,_r_7_43_48,1,1,,,
3398,_r_7_43_49,1,1,,,
3399,_r_7_44,1,1,,,
3400,_r_7_8_11,1,1,,,
3401,_r_7_8_11_12,1,1,,,
3402,_r_7_8_11_12_16_17,1,1,,,
3403,_r_7_8_12_38,1,1,,,
3404,_r_7_8_12_39,1,1,,,
3405,_r_7_8_24,1,1,,,
3406,_r_7_8_9_10_11_12,1,1,,,
3407,_r_7_9_10_11_30,1,1,,,
3408,_r_7_9_13,1,1,,,
3409,_r_7_9_15,1,1,,,
3410,_r_7_9_16,1,1,,,
3411,_r_82_100,1,1,,,
3412,_r_82_174,1,1,,,
3413,_r_82_98,1,1,,,
3414,_r_82_99,1,1,,,
3415,_r_84,1,1,,,
3416,_r_85_86,1,1,,,
3417,_r_85_91,1,1,,,
3418,_r_86,1,1,,,
3419,_r_87_89,1,1,,,
3420,_r_88,1,1,,,
3421,_r_8_10_17,1,1,,,
3422,_r_8_11_12,1,1,,,
3423,_r_8_13_14,1,1,,,
3424,_r_8_15,1,1,,,
3425,_r_8_21,1,1,,,
3426,_r_8_23,1,1,,,
3427,_r_8_24_27,1,1,,,
3428,_r_8_25,1,1,,,
3429,_r_8_36,1,1,,,
3430,_r_8_40,1,1,,,
3431,_r_8_44,1,1,,,
3432,_r_8_45,1,1,,,
3433,_r_8_46,1,1,,,
3434,_r_8_52,1,1,,,
3435,_r_8_53,1,1,,,
3436,_r_8_53_62,1,1,,,
3437,_r_8_53_63,1,1,,,
3438,_r_8_53_64,1,1,,,
3439,_r_8_54,1,1,,,
3440,_r_8_54_65,1,1,,,
3441,_r_8_54_66,1,1,,,
3442,_r_8_54_67,1,1,,,
3443,_r_8_55,1,1,,,
3444,_r_8_64,1,1,,,
3445,_r_8_65,1,1,,,
3446,_r_8_9_11,1,1,,,
3447,_r_8_9_13,1,1,,,
3448,_r_8_9_19,1,1,,,
3449,_r_8_9_20,1,1,,,
3450,_r_91,1,1,,,
3451,_r_93,1,1,,,
3452,_r_93_94,1,1,,,
3453,_r_93_95,1,1,,,
3454,_r_94,1,1,,,
3455,_r_97_98,1,1,,,
3456,_r_99,1,1,,,
3457,_r_99_100,1,1,,,
3458,_r_99_100_107,1,1,,,
3459,_r_99_100_111,1,1,,,
3460,_r_99_100_237_238,1,1,,,
3461,_r_99_100_237_238_239,1,1,,,
3462,_r_99_116,1,1,,,
3463,_r_99_116_274_275,1,1,,,
3464,_r_99_116_274_275_276,1,1,,,
3465,_r_99_116_274_275_280,1,1,,,
3466,_r_9_10_11,1,1,,,
3467,_r_9_10_12,1,1,,,
3468,_r_9_10_23,1,1,,,
3469,_r_9_10_24,1,1,,,
3470,_r_9_17_20,1,1,,,
3471,_r_9_18,1,1,,,
3472,_r_9_18_19,1,1,,,
3473,_r_9_20,1,1,,,
3474,_r_9_25,1,1,,,
3475,_r_9_27,1,1,,,
3476,_r_9_33,1,1,,,
3477,_r_9_34,1,1,,,
3478,_r_9_35,1,1,,,
3479,_r_9_37,1,1,,,
3480,_r_9_41,1,1,,,
3481,_r_9_42,1,1,,,
3482,_r_9_43,1,1,,,
3483,_r_9_44,1,1,,,
3484,_r_9_47,1,1,,,
3485,_r_9_47_48,1,1,,,
3486,_r_9_56,1,1,,,
3487,_r_9_57,1,1,,,
3488,_r_9_68,1,1,,,
3489,acceptance,1,1,,,
3490,accu_cell,1,1,,,
3491,add,1,1,,,
3492,alpha_sort,1,1,,,
3493,analysis,1,1,,,
3494,arch_style,1,1,,,
3495,background_color,1,1,,,
3496,backup,1,1,,,
3497,backup_extension,1,1,,,
3498,basic_information,1,1,,,
3499,business_management,1,1,,,
3500,button_color,1,1,,,
3501,buy_paths,1,1,,,
3502,buy_paths_288_289,1,1,,,
3503,buy_paths_288_289_290,1,1,,,
3504,calculate_time,1,1,,,
3505,case_sensitivity,1,1,,,
3506,catalog,1,1,,,
3507,check_trainings,1,1,,,
3508,circular_shift,1,1,,,
3509,conditions,1,1,,,
3510,connector_add,1,1,,,
3511,cont,1,1,,,
3512,control,1,1,,,
3513,core,1,1,,,
3514,coverage,1,1,,,
3515,data_source,1,1,,,
3516,database,1,1,,,
3517,delete,1,1,,,
3518,detail_level,1,1,,,
3519,display,1,1,,,
3520,energy management,1,1,,,
3521,engine,1,1,,,
3522,engine_performance,1,1,,,
3523,entity_add,1,1,,,
3524,exception,1,1,,,
3525,exhaust_level_temp,1,1,,,
3526,follow_me,1,1,,,
3527,format,1,1,,,
3528,framerate,1,1,,,
3529,fuel_consumption,1,1,,,
3530,game_mode,1,1,,,
3531,game_sprite,1,1,,,
3532,general_measures,1,1,,,
3533,graph_manipulation,1,1,,,
3534,graphics,1,1,,,
3535,gui,1,1,,,
3536,harddrive,1,1,,,
3537,home_screen,1,1,,,
3538,hub_length,1,1,,,
3539,hub_radius,1,1,,,
3540,input_output,1,1,,,
3541,insured_object,1,1,,,
3542,interaction,1,1,,,
3543,language,1,1,,,
3544,language_analysis,1,1,,,
3545,laptopweight,1,1,,,
3546,localization,1,1,,,
3547,logon,1,1,,,
3548,main_pages,1,1,,,
3549,marketplace,1,1,,,
3550,measurements,1,1,,,
3551,measures,1,1,,,
3552,memory,1,1,,,
3553,methods,1,1,,,
3554,modules,1,1,,,
3555,move,1,1,,,
3556,moving_mode,1,1,,,
3557,oil,1,1,,,
3558,operatingsystem,1,1,,,
3559,order,1,1,,,
3560,output_format,1,1,,,
3561,payee,1,1,,,
3562,payment,1,1,,,
3563,persistent_data,1,1,,,
3564,play,1,1,,,
3565,premium,1,1,,,
3566,presentation,1,1,,,
3567,price,1,1,,,
3568,processor,1,1,,,
3569,product_information,1,1,,,
3570,product_type,1,1,,,
3571,productcategory,1,1,,,
3572,rack,1,1,,,
3573,remote,1,1,,,
3574,rpm,1,1,,,
3575,screen,1,1,,,
3576,select,1,1,,,
3577,selection_mode,1,1,,,
3578,semantics,1,1,,,
3579,sensors_usage,1,1,,,
3580,server_pc,1,1,,,
3581,services,1,1,,,
3582,shift_data,1,1,,,
3583,sizes,1,1,,,
3584,splash_screen,1,1,,,
3585,sprinkler,1,1,,,
3586,start_training,1,1,,,
3587,static,1,1,,,
3588,store_front,1,1,,,
3589,temperatures,1,1,,,
3590,thread_instance,1,1,,,
3591,training_type,1,1,,,
3592,transmission,1,1,,,
3593,type,1,1,,,
3594,u_input,1,1,,,
3595,user_localize,1,1,,,
3596,user_mngt,1,1,,,
3597,user_pos_method,1,1,,,
3598,usuario,1,1,,,
3599,v_output,1,1,,,
3600,video,1,1,,,
3601,view_training,1,1,,,
3602,water,1,1,,,
3603,web_server,1,1,,,
