metric,mean,standard_deviation,count
original_features,135.425938,343.837218,
simplified_features,75.707702,185.796363,
feature_reduction_ratio,0.393349,0.215042,
original_constraints,84.338381,275.371306,
simplified_constraints,142.219882,458.327285,
constraint_reduction_ratio,-0.917832,3.203540,
removed_core_features,9.052666,10.611451,
removed_dead_features,5.150757,18.126839,
removed_atomic_set_features,45.514812,144.139227,
input_model_loading_time_mean_seconds,0.015471,0.045351,
boolean_feature_type_validation_time_mean_seconds,0.000009,0.000031,
initial_satisfiability_check_time_mean_seconds,0.069359,0.237842,
core_feature_computation_time_mean_seconds,0.069193,0.235731,
dead_feature_computation_time_mean_seconds,0.068578,0.233923,
atomic_set_computation_time_mean_seconds,0.073915,0.250334,
reduction_time_mean_seconds,0.963803,3.477580,
reduction_satisfiability_check_time_mean_seconds,0.067652,0.233955,
reduction_original_cnf_construction_time_mean_seconds,0.070792,0.241735,
reduction_removal_plan_computation_time_mean_seconds,0.228467,0.774866,
reduction_variable_projection_time_mean_seconds,0.162729,0.923727,
reduction_feature_tree_rebuild_time_mean_seconds,0.286102,0.972766,
reduction_structural_model_validation_time_mean_seconds,0.015505,0.081485,
reduction_projected_constraint_addition_time_mean_seconds,0.042170,0.226781,
reduction_reduced_model_validation_time_mean_seconds,0.090379,0.677132,
simplified_model_storage_time_mean_seconds,0.002553,0.010711,
reduced_model_reloading_time_mean_seconds,0.020316,0.089211,
statistics_computation_time_mean_seconds,0.000111,0.000266,
evaluation_time_mean_seconds,1.283355,4.530580,
full_reduction,,,118
