output,type
D:/Uni/FeatJAR/feature-model-assistance/src/main/resources/ROUTPUT/tables/attempt_overview.csv,table
D:/Uni/FeatJAR/feature-model-assistance/src/main/resources/ROUTPUT/tables/automotive_projection_time_plot_data.csv,table
D:/Uni/FeatJAR/feature-model-assistance/src/main/resources/ROUTPUT/tables/automotive_reduction_processing_step_time_summary.csv,table
D:/Uni/FeatJAR/feature-model-assistance/src/main/resources/ROUTPUT/tables/automotive_timeout_stage_summary.csv,table
D:/Uni/FeatJAR/feature-model-assistance/src/main/resources/ROUTPUT/tables/before_after_histogram_bin_statistics.csv,table
D:/Uni/FeatJAR/feature-model-assistance/src/main/resources/ROUTPUT/tables/before_after_histogram_input_values.csv,table
D:/Uni/FeatJAR/feature-model-assistance/src/main/resources/ROUTPUT/tables/comparison_less_and_more_than_1000_features.csv,table
D:/Uni/FeatJAR/feature-model-assistance/src/main/resources/ROUTPUT/tables/consistency_checks.csv,table
D:/Uni/FeatJAR/feature-model-assistance/src/main/resources/ROUTPUT/tables/data_quality_issues.csv,table
D:/Uni/FeatJAR/feature-model-assistance/src/main/resources/ROUTPUT/tables/descriptive_statistics.csv,table
D:/Uni/FeatJAR/feature-model-assistance/src/main/resources/ROUTPUT/tables/descriptive_statistics_less_or_equal_to_1000_features.csv,table
D:/Uni/FeatJAR/feature-model-assistance/src/main/resources/ROUTPUT/tables/descriptive_statistics_more_than_1000_features.csv,table
D:/Uni/FeatJAR/feature-model-assistance/src/main/resources/ROUTPUT/tables/evaluation_processing_step_time_summary.csv,table
D:/Uni/FeatJAR/feature-model-assistance/src/main/resources/ROUTPUT/tables/evaluation_time_25_most_variable_models.csv,table
D:/Uni/FeatJAR/feature-model-assistance/src/main/resources/ROUTPUT/tables/evaluation_time_25_slowest_models.csv,table
D:/Uni/FeatJAR/feature-model-assistance/src/main/resources/ROUTPUT/tables/evaluation_time_by_1000_feature_groups.csv,table
D:/Uni/FeatJAR/feature-model-assistance/src/main/resources/ROUTPUT/tables/evaluation_time_exploratory_regression.csv,table
D:/Uni/FeatJAR/feature-model-assistance/src/main/resources/ROUTPUT/tables/evaluation_time_spearman_correlations.csv,table
D:/Uni/FeatJAR/feature-model-assistance/src/main/resources/ROUTPUT/tables/evaluation_time_summary.csv,table
D:/Uni/FeatJAR/feature-model-assistance/src/main/resources/ROUTPUT/tables/exploratory_regressions.csv,table
D:/Uni/FeatJAR/feature-model-assistance/src/main/resources/ROUTPUT/tables/failure_messages.csv,table
D:/Uni/FeatJAR/feature-model-assistance/src/main/resources/ROUTPUT/tables/failure_reasons.csv,table
D:/Uni/FeatJAR/feature-model-assistance/src/main/resources/ROUTPUT/tables/feature_and_constraint_counts_by_1000_feature_groups.csv,table
D:/Uni/FeatJAR/feature-model-assistance/src/main/resources/ROUTPUT/tables/full_reduction_summary.csv,table
D:/Uni/FeatJAR/feature-model-assistance/src/main/resources/ROUTPUT/tables/missing_values.csv,table
D:/Uni/FeatJAR/feature-model-assistance/src/main/resources/ROUTPUT/tables/paired_reduction_tests.csv,table
D:/Uni/FeatJAR/feature-model-assistance/src/main/resources/ROUTPUT/tables/reduction_by_model_size.csv,table
D:/Uni/FeatJAR/feature-model-assistance/src/main/resources/ROUTPUT/tables/reduction_processing_step_time_summary.csv,table
D:/Uni/FeatJAR/feature-model-assistance/src/main/resources/ROUTPUT/tables/reduction_ratio_outliers_iqr.csv,table
D:/Uni/FeatJAR/feature-model-assistance/src/main/resources/ROUTPUT/tables/removal_type_summary.csv,table
D:/Uni/FeatJAR/feature-model-assistance/src/main/resources/ROUTPUT/tables/removal_type_summary_less_or_equal_to_1000_features.csv,table
D:/Uni/FeatJAR/feature-model-assistance/src/main/resources/ROUTPUT/tables/removal_type_summary_more_than_1000_features.csv,table
D:/Uni/FeatJAR/feature-model-assistance/src/main/resources/ROUTPUT/tables/spearman_correlations.csv,table
D:/Uni/FeatJAR/feature-model-assistance/src/main/resources/ROUTPUT/tables/stats_less_or_equal_to_1000_features.csv,table
D:/Uni/FeatJAR/feature-model-assistance/src/main/resources/ROUTPUT/tables/stats_meta_comparison.csv,table
D:/Uni/FeatJAR/feature-model-assistance/src/main/resources/ROUTPUT/tables/stats_more_than_1000_features.csv,table
D:/Uni/FeatJAR/feature-model-assistance/src/main/resources/ROUTPUT/plots/atomic_set_features_removed_by_model_size.pdf,plot
D:/Uni/FeatJAR/feature-model-assistance/src/main/resources/ROUTPUT/plots/automotive_projection_time_by_completed_projections.pdf,plot
D:/Uni/FeatJAR/feature-model-assistance/src/main/resources/ROUTPUT/plots/automotive_reduction_processing_step_time_overview.pdf,plot
D:/Uni/FeatJAR/feature-model-assistance/src/main/resources/ROUTPUT/plots/automotive_timeout_stage_overview.pdf,plot
D:/Uni/FeatJAR/feature-model-assistance/src/main/resources/ROUTPUT/plots/constrained_added_by_atomicSets_removed.pdf,plot
D:/Uni/FeatJAR/feature-model-assistance/src/main/resources/ROUTPUT/plots/constrained_added_by_coreFeatures_removed.pdf,plot
D:/Uni/FeatJAR/feature-model-assistance/src/main/resources/ROUTPUT/plots/constrained_added_by_deadFeatures_removed.pdf,plot
D:/Uni/FeatJAR/feature-model-assistance/src/main/resources/ROUTPUT/plots/constrains_added_by_model_size.pdf,plot
D:/Uni/FeatJAR/feature-model-assistance/src/main/resources/ROUTPUT/plots/constraint_change_distribution.pdf,plot
D:/Uni/FeatJAR/feature-model-assistance/src/main/resources/ROUTPUT/plots/constraints_added_by_removed_feature_type.pdf,plot
D:/Uni/FeatJAR/feature-model-assistance/src/main/resources/ROUTPUT/plots/constraints_before_after_boxplot.pdf,plot
D:/Uni/FeatJAR/feature-model-assistance/src/main/resources/ROUTPUT/plots/constraints_before_after_histogram.pdf,plot
D:/Uni/FeatJAR/feature-model-assistance/src/main/resources/ROUTPUT/plots/core_features_removed_by_model_size.pdf,plot
D:/Uni/FeatJAR/feature-model-assistance/src/main/resources/ROUTPUT/plots/dead_features_removed_by_model_size.pdf,plot
D:/Uni/FeatJAR/feature-model-assistance/src/main/resources/ROUTPUT/plots/evaluation_processing_step_time_overview.pdf,plot
D:/Uni/FeatJAR/feature-model-assistance/src/main/resources/ROUTPUT/plots/evaluation_time_by_model_size.pdf,plot
D:/Uni/FeatJAR/feature-model-assistance/src/main/resources/ROUTPUT/plots/evaluation_time_by_model_size_up_to_30_seconds.pdf,plot
D:/Uni/FeatJAR/feature-model-assistance/src/main/resources/ROUTPUT/plots/evaluation_time_per_feature_by_model_size.pdf,plot
D:/Uni/FeatJAR/feature-model-assistance/src/main/resources/ROUTPUT/plots/evaluation_time_variability_by_model_size.pdf,plot
D:/Uni/FeatJAR/feature-model-assistance/src/main/resources/ROUTPUT/plots/failure_reasons.pdf,plot
D:/Uni/FeatJAR/feature-model-assistance/src/main/resources/ROUTPUT/plots/feature_change_distribution.pdf,plot
D:/Uni/FeatJAR/feature-model-assistance/src/main/resources/ROUTPUT/plots/feature_reduction_by_model_size.pdf,plot
D:/Uni/FeatJAR/feature-model-assistance/src/main/resources/ROUTPUT/plots/features_before_after_boxplot.pdf,plot
D:/Uni/FeatJAR/feature-model-assistance/src/main/resources/ROUTPUT/plots/features_before_after_histogram.pdf,plot
D:/Uni/FeatJAR/feature-model-assistance/src/main/resources/ROUTPUT/plots/features_removed_by_model_size_combined.pdf,plot
D:/Uni/FeatJAR/feature-model-assistance/src/main/resources/ROUTPUT/plots/original_vs_simplified.pdf,plot
D:/Uni/FeatJAR/feature-model-assistance/src/main/resources/ROUTPUT/plots/original_vs_simplified_constraints.pdf,plot
D:/Uni/FeatJAR/feature-model-assistance/src/main/resources/ROUTPUT/plots/original_vs_simplified_features.pdf,plot
D:/Uni/FeatJAR/feature-model-assistance/src/main/resources/ROUTPUT/plots/reduction_processing_step_time_overview.pdf,plot
D:/Uni/FeatJAR/feature-model-assistance/src/main/resources/ROUTPUT/plots/reduction_ratio_distributions.pdf,plot
D:/Uni/FeatJAR/feature-model-assistance/src/main/resources/ROUTPUT/plots/removed_feature_composition.pdf,plot
