quantity,measurement,source_column,pdf_file,bin_index,bin_lower_count,bin_midpoint_count,bin_upper_count,bin_lower_log1p,bin_midpoint_log1p,bin_upper_log1p,feature_models,density,count_relative_to_group_max,density_relative_to_group_max,interval_closed,x_transformation
Constraints,Before reduction,original_constraints,constraints_before_after_histogram.pdf,1,0,0,0.16332380608561523,-0.15128125790147204,0,0.15128125790147204,745,1.621001348805689,1,1,right,log1p
Constraints,Before reduction,original_constraints,constraints_before_after_histogram.pdf,2,0.16332380608561525,0.35332227780552206,0.5743520230771743,0.15128125790147207,0.3025625158029441,0.4538437737044161,0,0,0,0,right,log1p
Constraints,Before reduction,original_constraints,constraints_before_after_histogram.pdf,3,0.5743520230771741,0.8314811876047264,1.1306056659385328,0.45384377370441603,0.605125031605888,0.75640628950736,128,0.27850761429144727,0.17181208053691274,0.17181208053691277,right,log1p
Constraints,Before reduction,original_constraints,constraints_before_after_histogram.pdf,4,1.1306056659385328,1.478584292567191,1.8833961129332875,0.75640628950736,0.9076875474088322,1.0589688053103044,0,0,0,0,right,log1p
Constraints,Before reduction,original_constraints,constraints_before_after_histogram.pdf,5,1.8833961129332875,2.3543233405500206,2.9021641953704655,1.0589688053103044,1.2102500632117765,1.3615313211132487,140,0.30461770313127035,0.18791946308724833,0.1879194630872483,right,log1p
Constraints,Before reduction,original_constraints,constraints_before_after_histogram.pdf,6,2.902164195370465,3.539480503729381,4.280885737249909,1.3615313211132485,1.5128125790147204,1.6640938369161924,121,0.26327672913488387,0.16241610738255033,0.16241610738255044,right,log1p
Constraints,Before reduction,original_constraints,constraints_before_after_histogram.pdf,7,4.280885737249909,5.143380095360805,6.146740314765743,1.6640938369161924,1.8153750948176646,1.9666563527191367,62,0.1349021256724196,0.08322147651006712,0.08322147651006702,right,log1p
Constraints,Before reduction,original_constraints,constraints_before_after_histogram.pdf,8,6.146740314765744,7.3139731440787905,8.671842881663324,1.966656352719137,2.1179376106206087,2.2692188685220804,44,0.0957369924126851,0.05906040268456376,0.059060402684563834,right,log1p
Constraints,Before reduction,original_constraints,constraints_before_after_histogram.pdf,9,8.671842881663324,10.251485072958639,12.089120439189726,2.2692188685220804,2.420500126423552,2.571781384325024,53,0.11531955904255242,0.07114093959731543,0.07114093959731548,right,log1p
Constraints,Before reduction,original_constraints,constraints_before_after_histogram.pdf,10,12.089120439189733,14.22688540763122,16.71379828723507,2.5717813843250243,2.7230626422264965,2.8743439001279687,22,0.04786849620634245,0.02953020134228188,0.02953020134228185,right,log1p
Constraints,Before reduction,original_constraints,constraints_before_after_histogram.pdf,11,16.713798287235075,19.606883243739155,22.972477846668514,2.874343900127969,3.025625158029441,3.1769064159309126,38,0.08268194799277342,0.05100671140939597,0.05100671140939599,right,log1p
Constraints,Before reduction,original_constraints,constraints_before_after_histogram.pdf,12,22.972477846668514,26.8877541698895,31.442488324095834,3.1769064159309126,3.3281876738323843,3.479468931733856,12,0.026110088839823187,0.016107382550335572,0.016107382550335576,right,log1p
Constraints,Before reduction,original_constraints,constraints_before_after_histogram.pdf,13,31.442488324095848,36.741118996075315,42.90514219644446,3.4794689317338565,3.6307501896353287,3.782031447536801,4,0.008703362946607717,0.005369127516778523,0.005369127516778518,right,log1p
Constraints,Before reduction,original_constraints,constraints_before_after_histogram.pdf,14,42.90514219644444,50.07589712669792,58.4178070446676,3.7820314475368004,3.933312705438273,4.084593963339746,4,0.008703362946607705,0.005369127516778523,0.00536912751677851,right,log1p
Constraints,Before reduction,original_constraints,constraints_before_after_histogram.pdf,15,58.4178070446676,68.12214944046336,79.4114419718985,4.084593963339746,4.235875221241217,4.387156479142689,4,0.008703362946607743,0.005369127516778523,0.005369127516778534,right,log1p
Constraints,Before reduction,original_constraints,constraints_before_after_histogram.pdf,16,79.4114419718985,92.54454472758152,107.82259581103617,4.387156479142689,4.538437737044161,4.689718994945633,5,0.010879203683259647,0.006711409395973154,0.006711409395973148,right,log1p
Constraints,Before reduction,original_constraints,constraints_before_after_histogram.pdf,17,107.82259581103636,125.59591634701131,146.2720432397013,4.689718994945634,4.841000252847106,4.992281510748578,2,0.004351681473303858,0.0026845637583892616,0.002684563758389259,right,log1p
Constraints,Before reduction,original_constraints,constraints_before_after_histogram.pdf,18,146.2720432397013,170.32507387161456,198.30653701422577,4.992281510748578,5.14356276865005,5.294844026551521,2,0.004351681473303871,0.0026845637583892616,0.002684563758389267,right,log1p
Constraints,Before reduction,original_constraints,constraints_before_after_histogram.pdf,19,198.30653701422577,230.8580392171326,268.72597665362247,5.294844026551521,5.446125284452993,5.597406542354465,2,0.004351681473303858,0.0026845637583892616,0.002684563758389259,right,log1p
Constraints,Before reduction,original_constraints,constraints_before_after_histogram.pdf,20,268.7259766536229,312.7786497608523,364.0261731081998,5.5974065423544666,5.748687800255938,5.89996905815741,0,0,0,0,right,log1p
Constraints,Before reduction,original_constraints,constraints_before_after_histogram.pdf,21,364.0261731081998,423.64363702109756,492.9980520494215,5.89996905815741,6.051250316058882,6.2025315739603535,0,0,0,0,right,log1p
Constraints,Before reduction,original_constraints,constraints_before_after_histogram.pdf,22,492.9980520494215,573.6796941090128,667.5385690310136,6.2025315739603535,6.353812831861825,6.505094089763297,0,0,0,0,right,log1p
Constraints,Before reduction,original_constraints,constraints_before_after_histogram.pdf,23,667.5385690310147,776.7268326401907,903.7481390418966,6.505094089763299,6.6563753476647705,6.807656605566242,96,0.20888071071858522,0.12885906040268458,0.12885906040268444,right,log1p
Constraints,Before reduction,original_constraints,constraints_before_after_histogram.pdf,24,903.7481390418966,1051.5150486590962,1223.4158123684858,6.807656605566242,6.958937863467714,7.110219121369186,31,0.06745106283621,0.04161073825503356,0.041610738255033634,right,log1p
Constraints,Before reduction,original_constraints,constraints_before_after_histogram.pdf,25,1223.4158123684858,1423.3920630759171,1656.029196175617,7.110219121369186,7.261500379270657,7.412781637172129,2,0.004351681473303858,0.0026845637583892616,0.002684563758389259,right,log1p
Constraints,Before reduction,original_constraints,constraints_before_after_histogram.pdf,26,1656.02919617562,1926.6615112900092,2241.4945261586417,7.412781637172131,7.564062895073603,7.715344152975074,0,0,0,0,right,log1p
Constraints,Before reduction,original_constraints,constraints_before_after_histogram.pdf,27,2241.4945261586417,2607.747267297029,3033.817800107426,7.715344152975074,7.866625410876546,8.017906668778018,1,0.0021758407366519357,0.0013422818791946308,0.0013422818791946334,right,log1p
Constraints,Before reduction,original_constraints,constraints_before_after_histogram.pdf,28,3033.817800107426,3529.47579399735,4106.086537966138,8.017906668778018,8.169187926679491,8.320469184580965,1,0.0021758407366519227,0.0013422818791946308,0.0013422818791946254,right,log1p
Constraints,Before reduction,original_constraints,constraints_before_after_histogram.pdf,29,4106.086537966131,4776.87154326975,5557.211708704716,8.320469184580963,8.471750442482435,8.623031700383907,0,0,0,0,right,log1p
Constraints,Before reduction,original_constraints,constraints_before_after_histogram.pdf,30,5557.211708704716,6464.999999999999,7521.051730149585,8.623031700383907,8.774312958285378,8.92559421618685,0,0,0,0,right,log1p
Constraints,After reduction,simplified_constraints,constraints_before_after_histogram.pdf,1,0,0,0.16332380608561523,-0.15128125790147204,0,0.15128125790147204,334,0.726730806041745,1,1,right,log1p
Constraints,After reduction,simplified_constraints,constraints_before_after_histogram.pdf,2,0.16332380608561525,0.35332227780552206,0.5743520230771743,0.15128125790147207,0.3025625158029441,0.4538437737044161,0,0,0,0,right,log1p
Constraints,After reduction,simplified_constraints,constraints_before_after_histogram.pdf,3,0.5743520230771741,0.8314811876047264,1.1306056659385328,0.45384377370441603,0.605125031605888,0.75640628950736,180,0.3916513325973477,0.5389221556886228,0.5389221556886229,right,log1p
Constraints,After reduction,simplified_constraints,constraints_before_after_histogram.pdf,4,1.1306056659385328,1.478584292567191,1.8833961129332875,0.75640628950736,0.9076875474088322,1.0589688053103044,0,0,0,0,right,log1p
Constraints,After reduction,simplified_constraints,constraints_before_after_histogram.pdf,5,1.8833961129332875,2.3543233405500206,2.9021641953704655,1.0589688053103044,1.2102500632117765,1.3615313211132487,96,0.20888071071858536,0.2874251497005988,0.28742514970059874,right,log1p
Constraints,After reduction,simplified_constraints,constraints_before_after_histogram.pdf,6,2.902164195370465,3.539480503729381,4.280885737249909,1.3615313211132485,1.5128125790147204,1.6640938369161924,152,0.3307277919710937,0.4550898203592814,0.45508982035928164,right,log1p
Constraints,After reduction,simplified_constraints,constraints_before_after_histogram.pdf,7,4.280885737249909,5.143380095360805,6.146740314765743,1.6640938369161924,1.8153750948176646,1.9666563527191367,121,0.2632767291348834,0.36227544910179643,0.3622754491017961,right,log1p
Constraints,After reduction,simplified_constraints,constraints_before_after_histogram.pdf,8,6.146740314765744,7.3139731440787905,8.671842881663324,1.966656352719137,2.1179376106206087,2.2692188685220804,105,0.22846327734845306,0.3143712574850299,0.31437125748503036,right,log1p
Constraints,After reduction,simplified_constraints,constraints_before_after_histogram.pdf,9,8.671842881663324,10.251485072958639,12.089120439189726,2.2692188685220804,2.420500126423552,2.571781384325024,100,0.21758407366519325,0.2994011976047904,0.2994011976047906,right,log1p
Constraints,After reduction,simplified_constraints,constraints_before_after_histogram.pdf,10,12.089120439189733,14.22688540763122,16.71379828723507,2.5717813843250243,2.7230626422264965,2.8743439001279687,78,0.16971557745885046,0.23353293413173654,0.23353293413173629,right,log1p
Constraints,After reduction,simplified_constraints,constraints_before_after_histogram.pdf,11,16.713798287235075,19.606883243739155,22.972477846668514,2.874343900127969,3.025625158029441,3.1769064159309126,43,0.0935611516760331,0.12874251497005987,0.12874251497005995,right,log1p
Constraints,After reduction,simplified_constraints,constraints_before_after_histogram.pdf,12,22.972477846668514,26.8877541698895,31.442488324095834,3.1769064159309126,3.3281876738323843,3.479468931733856,46,0.10008867388598888,0.1377245508982036,0.13772455089820365,right,log1p
Constraints,After reduction,simplified_constraints,constraints_before_after_histogram.pdf,13,31.442488324095848,36.741118996075315,42.90514219644446,3.4794689317338565,3.6307501896353287,3.782031447536801,27,0.058747699889602094,0.08083832335329341,0.08083832335329334,right,log1p
Constraints,After reduction,simplified_constraints,constraints_before_after_histogram.pdf,14,42.90514219644444,50.07589712669792,58.4178070446676,3.7820314475368004,3.933312705438273,4.084593963339746,42,0.09138531093938089,0.12574850299401197,0.12574850299401166,right,log1p
Constraints,After reduction,simplified_constraints,constraints_before_after_histogram.pdf,15,58.4178070446676,68.12214944046336,79.4114419718985,4.084593963339746,4.235875221241217,4.387156479142689,26,0.05657185915295033,0.07784431137724551,0.07784431137724568,right,log1p
Constraints,After reduction,simplified_constraints,constraints_before_after_histogram.pdf,16,79.4114419718985,92.54454472758152,107.82259581103617,4.387156479142689,4.538437737044161,4.689718994945633,7,0.015230885156563503,0.020958083832335328,0.020958083832335307,right,log1p
Constraints,After reduction,simplified_constraints,constraints_before_after_histogram.pdf,17,107.82259581103636,125.59591634701131,146.2720432397013,4.689718994945634,4.841000252847106,4.992281510748578,10,0.021758407366519295,0.029940119760479042,0.029940119760479018,right,log1p
Constraints,After reduction,simplified_constraints,constraints_before_after_histogram.pdf,18,146.2720432397013,170.32507387161456,198.30653701422577,4.992281510748578,5.14356276865005,5.294844026551521,6,0.013055044419911612,0.017964071856287425,0.01796407185628746,right,log1p
Constraints,After reduction,simplified_constraints,constraints_before_after_histogram.pdf,19,198.30653701422577,230.8580392171326,268.72597665362247,5.294844026551521,5.446125284452993,5.597406542354465,4,0.008703362946607717,0.011976047904191617,0.011976047904191605,right,log1p
Constraints,After reduction,simplified_constraints,constraints_before_after_histogram.pdf,20,268.7259766536229,312.7786497608523,364.0261731081998,5.5974065423544666,5.748687800255938,5.89996905815741,3,0.006527522209955788,0.008982035928143712,0.008982035928143705,right,log1p
Constraints,After reduction,simplified_constraints,constraints_before_after_histogram.pdf,21,364.0261731081998,423.64363702109756,492.9980520494215,5.89996905815741,6.051250316058882,6.2025315739603535,1,0.0021758407366519357,0.0029940119760479044,0.0029940119760479104,right,log1p
Constraints,After reduction,simplified_constraints,constraints_before_after_histogram.pdf,22,492.9980520494215,573.6796941090128,667.5385690310136,6.2025315739603535,6.353812831861825,6.505094089763297,0,0,0,0,right,log1p
Constraints,After reduction,simplified_constraints,constraints_before_after_histogram.pdf,23,667.5385690310147,776.7268326401907,903.7481390418966,6.505094089763299,6.6563753476647705,6.807656605566242,3,0.006527522209955788,0.008982035928143712,0.008982035928143705,right,log1p
Constraints,After reduction,simplified_constraints,constraints_before_after_histogram.pdf,24,903.7481390418966,1051.5150486590962,1223.4158123684858,6.807656605566242,6.958937863467714,7.110219121369186,42,0.0913853109393813,0.12574850299401197,0.12574850299401225,right,log1p
Constraints,After reduction,simplified_constraints,constraints_before_after_histogram.pdf,25,1223.4158123684858,1423.3920630759171,1656.029196175617,7.110219121369186,7.261500379270657,7.412781637172129,79,0.1718914181955024,0.23652694610778444,0.23652694610778421,right,log1p
Constraints,After reduction,simplified_constraints,constraints_before_after_histogram.pdf,26,1656.02919617562,1926.6615112900092,2241.4945261586417,7.412781637172131,7.564062895073603,7.715344152975074,3,0.006527522209955788,0.008982035928143712,0.008982035928143705,right,log1p
Constraints,After reduction,simplified_constraints,constraints_before_after_histogram.pdf,27,2241.4945261586417,2607.747267297029,3033.817800107426,7.715344152975074,7.866625410876546,8.017906668778018,5,0.010879203683259677,0.014970059880239521,0.01497005988023955,right,log1p
Constraints,After reduction,simplified_constraints,constraints_before_after_histogram.pdf,28,3033.817800107426,3529.47579399735,4106.086537966138,8.017906668778018,8.169187926679491,8.320469184580965,5,0.010879203683259614,0.014970059880239521,0.014970059880239464,right,log1p
Constraints,After reduction,simplified_constraints,constraints_before_after_histogram.pdf,29,4106.086537966131,4776.87154326975,5557.211708704716,8.320469184580963,8.471750442482435,8.623031700383907,0,0,0,0,right,log1p
Constraints,After reduction,simplified_constraints,constraints_before_after_histogram.pdf,30,5557.211708704716,6464.999999999999,7521.051730149585,8.623031700383907,8.774312958285378,8.92559421618685,1,0.0021758407366519357,0.0029940119760479044,0.0029940119760479104,right,log1p
Features,Before reduction,original_features,features_before_after_histogram.pdf,1,0.8500525973869558,1.0922852373779088,1.3662340847674317,0.6152140697060557,0.7382568836472669,0.8612996975884781,0,0,0,0,right,log1p
Features,Before reduction,original_features,features_before_after_histogram.pdf,2,1.3662340847674317,1.6760518326516594,2.026434898025804,0.8612996975884781,0.9843425115296893,1.1073853254709005,0,0,0,0,right,log1p
Features,Before reduction,original_features,features_before_after_histogram.pdf,3,2.0264348980258036,2.4226946130982214,2.8708377378853838,1.1073853254709003,1.2304281394121115,1.3534709533533227,0,0,0,0,right,log1p
Features,Before reduction,original_features,features_before_after_histogram.pdf,4,2.8708377378853838,3.377657514549533,3.9508366437393256,1.3534709533533227,1.4765137672945339,1.599556581235745,3,0.008025594825665516,0.0125,0.0125,right,log1p
Features,Before reduction,original_features,features_before_after_histogram.pdf,5,3.9508366437393256,4.599063743915165,5.332165059024708,1.599556581235745,1.7225993951769563,1.8456422091181675,0,0,0,0,right,log1p
Features,Before reduction,original_features,features_before_after_histogram.pdf,6,5.332165059024708,6.161253411038304,7.098896655262891,1.8456422091181675,1.9686850230593786,2.09172783700059,3,0.008025594825665516,0.0125,0.0125,right,log1p
Features,Before reduction,original_features,features_before_after_histogram.pdf,7,7.098896655262891,8.15930819198846,9.358562422365386,2.09172783700059,2.214770650941801,2.3378134648830122,2,0.005350396550443675,0.008333333333333333,0.008333333333333331,right,log1p
Features,Before reduction,original_features,features_before_after_histogram.pdf,8,9.358562422365386,10.714838414531588,12.248695473637614,2.3378134648830122,2.4608562788242234,2.5838990927654346,240,0.6420475860532412,1,1,right,log1p
Features,Before reduction,original_features,features_before_after_histogram.pdf,9,12.248695473637614,13.983384793037642,15.945201910855875,2.5838990927654346,2.706941906706646,2.829984720647857,182,0.48688608609037454,0.7583333333333333,0.7583333333333333,right,log1p
Features,Before reduction,original_features,features_before_after_histogram.pdf,10,15.945201910855875,18.163885314692006,20.673067236772656,2.829984720647857,2.953027534589068,3.0760703485302794,216,0.577842827447917,0.9,0.8999999999999999,right,log1p
Features,Before reduction,original_features,features_before_after_histogram.pdf,11,20.673067236772656,23.510783472992077,26.72004995400751,3.0760703485302794,3.1991131624714906,3.3221559764127018,186,0.4975868791912619,0.775,0.7749999999999999,right,log1p
Features,Before reduction,original_features,features_before_after_histogram.pdf,12,26.7200499540075,30.349514808425308,34.45419580247167,3.3221559764127013,3.4451987903539125,3.5682416042951237,160,0.42803172403549483,0.6666666666666666,0.6666666666666677,right,log1p
Features,Before reduction,original_features,features_before_after_histogram.pdf,13,34.45419580247167,39.09631433473338,44.34623862819825,3.5682416042951237,3.691284418236335,3.814327232177546,162,0.4333821205859378,0.675,0.6749999999999999,right,log1p
Features,Before reduction,original_features,features_before_after_histogram.pdf,14,44.34623862819825,50.28355041710775,56.99825129814809,3.814327232177546,3.9373700461187573,4.0604128600599685,117,0.3129981982009551,0.4875,0.4875,right,log1p
Features,Before reduction,original_features,features_before_after_histogram.pdf,15,56.99825129814809,64.59212703262844,73.18029048061733,4.0604128600599685,4.18345567400118,4.306498487942391,54,0.14446070686197926,0.225,0.22499999999999998,right,log1p
Features,Before reduction,original_features,features_before_after_histogram.pdf,16,73.18029048061733,82.8929265558269,93.87726565239511,4.306498487942391,4.429541301883602,4.552584115824813,18,0.04815356895399309,0.075,0.075,right,log1p
Features,Before reduction,original_features,features_before_after_histogram.pdf,17,93.87726565239511,106.29981545804027,120.34888498484942,4.552584115824813,4.6756269297660245,4.798669743707236,16,0.0428031724035494,0.06666666666666667,0.06666666666666665,right,log1p
Features,Before reduction,original_features,features_before_after_histogram.pdf,18,120.34888498484942,136.237439078585,154.2063266770007,4.798669743707236,4.921712557648447,5.044755371589658,9,0.024076784476996543,0.0375,0.0375,right,log1p
Features,Before reduction,original_features,features_before_after_histogram.pdf,19,154.2063266770007,174.5279317531858,197.51030228728848,5.044755371589658,5.167798185530869,5.29084099947208,6,0.01605118965133103,0.025,0.025,right,log1p
Features,Before reduction,original_features,features_before_after_histogram.pdf,20,197.51030228728848,223.5018198562317,252.89648062607031,5.29084099947208,5.413883813413292,5.536926627354503,1,0.0026751982752218377,0.004166666666666667,0.004166666666666666,right,log1p
Features,Before reduction,original_features,features_before_after_histogram.pdf,21,252.89648062607031,286.1398677996736,323.7359060539418,5.536926627354503,5.659969441295714,5.783012255236925,6,0.01605118965133103,0.025,0.025,right,log1p
Features,Before reduction,original_features,features_before_after_histogram.pdf,22,323.7359060539418,366.25450035466787,414.34017494311996,5.783012255236925,5.906055069178136,6.029097883119348,3,0.008025594825665516,0.0125,0.0125,right,log1p
Features,Before reduction,original_features,features_before_after_histogram.pdf,23,414.34017494311996,468.72184344966837,530.2238582361333,6.029097883119348,6.152140697060559,6.27518351100177,1,0.0026751982752218377,0.004166666666666667,0.004166666666666666,right,log1p
Features,Before reduction,original_features,features_before_after_histogram.pdf,24,530.2238582361329,599.778506459901,678.4401422832015,6.275183511001769,6.39822632494298,6.5212691388841915,2,0.005350396550443695,0.008333333333333333,0.008333333333333363,right,log1p
Features,Before reduction,original_features,features_before_after_histogram.pdf,25,678.4401422832015,767.4011694526712,868.0101165234474,6.5212691388841915,6.644311952825403,6.767354766766614,12,0.03210237930266206,0.05,0.05,right,log1p
Features,Before reduction,original_features,features_before_after_histogram.pdf,26,868.0101165234474,981.7920787236777,1110.4718363303962,6.767354766766614,6.890397580707825,7.013440394649036,0,0,0,0,right,log1p
Features,Before reduction,original_features,features_before_after_histogram.pdf,27,1110.4718363303962,1256,1420.5825793810889,7.013440394649036,7.136483208590247,7.259526022531459,118,0.31567339647617687,0.49166666666666664,0.4916666666666666,right,log1p
Features,Before reduction,original_features,features_before_after_histogram.pdf,28,1420.5825793810889,1606.7144232297453,1817.217037934066,7.259526022531459,7.38256883647267,7.505611650413881,1,0.0026751982752218377,0.004166666666666667,0.004166666666666666,right,log1p
Features,Before reduction,original_features,features_before_after_histogram.pdf,29,1817.217037934066,2055.281357725499,2324.5161149154037,7.505611650413881,7.628654464355092,7.751697278296303,0,0,0,0,right,log1p
Features,Before reduction,original_features,features_before_after_histogram.pdf,30,2324.5161149154037,2629.0025433840324,2973.3562445526622,7.751697278296303,7.874740092237515,7.997782906178726,1,0.0026751982752218377,0.004166666666666667,0.004166666666666666,right,log1p
Features,After reduction,simplified_features,features_before_after_histogram.pdf,1,0.8500525973869558,1.0922852373779088,1.3662340847674317,0.6152140697060557,0.7382568836472669,0.8612996975884781,22,0.05885436205488047,0.10837438423645321,0.10837438423645326,right,log1p
Features,After reduction,simplified_features,features_before_after_histogram.pdf,2,1.3662340847674317,1.6760518326516594,2.026434898025804,0.8612996975884781,0.9843425115296893,1.1073853254709005,26,0.06955515515576778,0.12807881773399016,0.12807881773399013,right,log1p
Features,After reduction,simplified_features,features_before_after_histogram.pdf,3,2.0264348980258036,2.4226946130982214,2.8708377378853838,1.1073853254709003,1.2304281394121115,1.3534709533533227,0,0,0,0,right,log1p
Features,After reduction,simplified_features,features_before_after_histogram.pdf,4,2.8708377378853838,3.377657514549533,3.9508366437393256,1.3534709533533227,1.4765137672945339,1.599556581235745,20,0.053503965504436764,0.09852216748768473,0.09852216748768473,right,log1p
Features,After reduction,simplified_features,features_before_after_histogram.pdf,5,3.9508366437393256,4.599063743915165,5.332165059024708,1.599556581235745,1.7225993951769563,1.8456422091181675,90,0.24076784476996543,0.4433497536945813,0.4433497536945813,right,log1p
Features,After reduction,simplified_features,features_before_after_histogram.pdf,6,5.332165059024708,6.161253411038304,7.098896655262891,1.8456422091181675,1.9686850230593786,2.09172783700059,158,0.4226813274850504,0.7783251231527094,0.7783251231527093,right,log1p
Features,After reduction,simplified_features,features_before_after_histogram.pdf,7,7.098896655262891,8.15930819198846,9.358562422365386,2.09172783700059,2.214770650941801,2.3378134648830122,203,0.5430652498700331,1,1,right,log1p
Features,After reduction,simplified_features,features_before_after_histogram.pdf,8,9.358562422365386,10.714838414531588,12.248695473637614,2.3378134648830122,2.4608562788242234,2.5838990927654346,180,0.48153568953993087,0.8866995073891626,0.8866995073891626,right,log1p
Features,After reduction,simplified_features,features_before_after_histogram.pdf,9,12.248695473637614,13.983384793037642,15.945201910855875,2.5838990927654346,2.706941906706646,2.829984720647857,142,0.37987815508150097,0.6995073891625616,0.6995073891625615,right,log1p
Features,After reduction,simplified_features,features_before_after_histogram.pdf,10,15.945201910855875,18.163885314692006,20.673067236772656,2.829984720647857,2.953027534589068,3.0760703485302794,147,0.3932541464576102,0.7241379310344828,0.7241379310344828,right,log1p
Features,After reduction,simplified_features,features_before_after_histogram.pdf,11,20.673067236772656,23.510783472992077,26.72004995400751,3.0760703485302794,3.1991131624714906,3.3221559764127018,115,0.30764780165051137,0.5665024630541872,0.5665024630541872,right,log1p
Features,After reduction,simplified_features,features_before_after_histogram.pdf,12,26.7200499540075,30.349514808425308,34.45419580247167,3.3221559764127013,3.4451987903539125,3.5682416042951237,101,0.2701950257974061,0.4975369458128079,0.4975369458128088,right,log1p
Features,After reduction,simplified_features,features_before_after_histogram.pdf,13,34.45419580247167,39.09631433473338,44.34623862819825,3.5682416042951237,3.691284418236335,3.814327232177546,87,0.2327422499442999,0.42857142857142855,0.42857142857142855,right,log1p
Features,After reduction,simplified_features,features_before_after_histogram.pdf,14,44.34623862819825,50.28355041710775,56.99825129814809,3.814327232177546,3.9373700461187573,4.0604128600599685,35,0.09363193963276434,0.1724137931034483,0.1724137931034483,right,log1p
Features,After reduction,simplified_features,features_before_after_histogram.pdf,15,56.99825129814809,64.59212703262844,73.18029048061733,4.0604128600599685,4.18345567400118,4.306498487942391,21,0.0561791637796586,0.10344827586206896,0.10344827586206896,right,log1p
Features,After reduction,simplified_features,features_before_after_histogram.pdf,16,73.18029048061733,82.8929265558269,93.87726565239511,4.306498487942391,4.429541301883602,4.552584115824813,12,0.03210237930266206,0.059113300492610835,0.05911330049261085,right,log1p
Features,After reduction,simplified_features,features_before_after_histogram.pdf,17,93.87726565239511,106.29981545804027,120.34888498484942,4.552584115824813,4.6756269297660245,4.798669743707236,9,0.024076784476996543,0.04433497536945813,0.04433497536945813,right,log1p
Features,After reduction,simplified_features,features_before_after_histogram.pdf,18,120.34888498484942,136.237439078585,154.2063266770007,4.798669743707236,4.921712557648447,5.044755371589658,8,0.0214015862017747,0.03940886699507389,0.039408866995073885,right,log1p
Features,After reduction,simplified_features,features_before_after_histogram.pdf,19,154.2063266770007,174.5279317531858,197.51030228728848,5.044755371589658,5.167798185530869,5.29084099947208,2,0.005350396550443675,0.009852216748768473,0.009852216748768471,right,log1p
Features,After reduction,simplified_features,features_before_after_histogram.pdf,20,197.51030228728848,223.5018198562317,252.89648062607031,5.29084099947208,5.413883813413292,5.536926627354503,5,0.013375991376109191,0.024630541871921183,0.024630541871921183,right,log1p
Features,After reduction,simplified_features,features_before_after_histogram.pdf,21,252.89648062607031,286.1398677996736,323.7359060539418,5.536926627354503,5.659969441295714,5.783012255236925,0,0,0,0,right,log1p
Features,After reduction,simplified_features,features_before_after_histogram.pdf,22,323.7359060539418,366.25450035466787,414.34017494311996,5.783012255236925,5.906055069178136,6.029097883119348,2,0.005350396550443675,0.009852216748768473,0.009852216748768471,right,log1p
Features,After reduction,simplified_features,features_before_after_histogram.pdf,23,414.34017494311996,468.72184344966837,530.2238582361333,6.029097883119348,6.152140697060559,6.27518351100177,1,0.0026751982752218377,0.0049261083743842365,0.004926108374384236,right,log1p
Features,After reduction,simplified_features,features_before_after_histogram.pdf,24,530.2238582361329,599.778506459901,678.4401422832015,6.275183511001769,6.39822632494298,6.5212691388841915,125,0.334399784402731,0.6157635467980296,0.6157635467980318,right,log1p
Features,After reduction,simplified_features,features_before_after_histogram.pdf,25,678.4401422832015,767.4011694526712,868.0101165234474,6.5212691388841915,6.644311952825403,6.767354766766614,6,0.01605118965133103,0.029556650246305417,0.029556650246305424,right,log1p
Features,After reduction,simplified_features,features_before_after_histogram.pdf,26,868.0101165234474,981.7920787236777,1110.4718363303962,6.767354766766614,6.890397580707825,7.013440394649036,0,0,0,0,right,log1p
Features,After reduction,simplified_features,features_before_after_histogram.pdf,27,1110.4718363303962,1256,1420.5825793810889,7.013440394649036,7.136483208590247,7.259526022531459,0,0,0,0,right,log1p
Features,After reduction,simplified_features,features_before_after_histogram.pdf,28,1420.5825793810889,1606.7144232297453,1817.217037934066,7.259526022531459,7.38256883647267,7.505611650413881,2,0.005350396550443675,0.009852216748768473,0.009852216748768471,right,log1p
Features,After reduction,simplified_features,features_before_after_histogram.pdf,29,1817.217037934066,2055.281357725499,2324.5161149154037,7.505611650413881,7.628654464355092,7.751697278296303,0,0,0,0,right,log1p
Features,After reduction,simplified_features,features_before_after_histogram.pdf,30,2324.5161149154037,2629.0025433840324,2973.3562445526622,7.751697278296303,7.874740092237515,7.997782906178726,0,0,0,0,right,log1p
