metric,count,missing,mean,standard_deviation,minimum,q1,median,q3,maximum
atomic_set_computation_time_mean_seconds,1519,0,0.07391532718894009,0.25041670595970184,3.8e-4,7.81e-4,0.001134,0.0018705000000000002,4.22501
atomic_set_computation_time_run_1_seconds,1519,0,0.07380332323897301,0.25077622007026523,3.66e-4,7.55e-4,0.001119,0.0018865000000000002,4.295477
atomic_set_computation_time_run_2_seconds,1519,0,0.07384442593811719,0.2498186498256586,3.74e-4,7.48e-4,0.001075,0.001777,4.18757
atomic_set_computation_time_run_3_seconds,1519,0,0.07409833640552996,0.25127892333096363,3.9e-4,7.495e-4,0.001113,0.0018059999999999999,4.191984
atomic_set_computation_time_standard_deviation_seconds,1519,0,0.002619824884792627,0.009883084300233404,2e-6,4.4e-5,1.15e-4,3.375e-4,0.089093
boolean_feature_type_validation_time_mean_seconds,1519,0,8.909809084924293e-6,3.0951198825329135e-5,1e-6,1e-6,1e-6,2e-6,6e-4
boolean_feature_type_validation_time_run_1_seconds,1519,0,9.36405529953917e-6,3.22737965378107e-5,1e-6,1e-6,1e-6,2e-6,5.24e-4
boolean_feature_type_validation_time_run_2_seconds,1519,0,8.627386438446346e-6,2.909068892782072e-5,0,1e-6,1e-6,2e-6,5.15e-4
boolean_feature_type_validation_time_run_3_seconds,1519,0,8.8999341672152735e-06,3.3359806253183564e-5,1e-6,1e-6,1e-6,2e-6,7.6e-4
boolean_feature_type_validation_time_standard_deviation_seconds,1519,0,1.4601711652402896e-6,6.301041403119967e-6,0,0,0,0,1.14e-4
constraint_reduction_ratio,1519,0,-0.9178316866359447,3.204595037917921,-57,-0.504884,0,0,1
core_feature_computation_time_mean_seconds,1519,0,0.06919268861092824,0.23580914020943308,4.16e-4,8.225e-4,0.001148,0.00184,4.107371
core_feature_computation_time_run_1_seconds,1519,0,0.06958082554312048,0.23800968488060234,4.37e-4,8.085e-4,0.001119,0.001818,4.174488
core_feature_computation_time_run_2_seconds,1519,0,0.06889366622778144,0.23432409104017635,3.76e-4,7.945000000000001e-4,0.001103,0.001804,4.060114
core_feature_computation_time_run_3_seconds,1519,0,0.06910367939433838,0.23553440212700844,3.88e-4,8.035e-4,0.00114,0.001798,4.08751
core_feature_computation_time_standard_deviation_seconds,1519,0,0.002135682685977617,0.008196664767552117,1e-6,4.1e-5,1.04e-4,2.965e-4,0.08915
dead_feature_computation_time_mean_seconds,1519,0,0.06857824423963134,0.23400008845929826,3.56e-4,7.6e-4,0.00108,0.0017445,4.092489
dead_feature_computation_time_run_1_seconds,1519,0,0.06856823568136933,0.2341756393446805,3.36e-4,7.365e-4,0.001064,0.0017945,4.122074
dead_feature_computation_time_run_2_seconds,1519,0,0.06876901316655694,0.23454742118176083,3.58e-4,7.3e-4,0.001063,0.0017014999999999999,4.07229
dead_feature_computation_time_run_3_seconds,1519,0,0.06839761487820935,0.2338992142789118,3.45e-4,7.375000000000001e-4,0.001083,0.001725,4.083103
dead_feature_computation_time_standard_deviation_seconds,1519,0,0.0023536161948650427,0.00957218815492475,1e-6,4.3e-5,1.2e-4,3.2050000000000004e-4,0.149462
evaluation_time_mean_seconds,1519,0,1.2833551500987492,4.532071865779193,0.006056,0.013667499999999999,0.024938,0.0575765,88.574723
evaluation_time_run_1_seconds,1519,0,1.2857812692560895,4.514299279392445,0.006006,0.013756500000000001,0.025311,0.062102500000000005,86.151081
evaluation_time_run_2_seconds,1519,0,1.2790740717577354,4.485633347088621,0.005822,0.013321,0.023577,0.056828000000000004,85.850503
evaluation_time_run_3_seconds,1519,0,1.285210233048058,4.600171733666581,0.005802,0.013476,0.024151,0.057225,93.722585
evaluation_time_standard_deviation_seconds,1519,0,0.021267195523370638,0.11694443459115592,1.2e-5,5.705e-4,0.001987,0.007866000000000001,3.642156
feature_reduction_ratio,1519,0,0.3933489183673469,0.21511326432208133,0,0.230769,0.384615,0.529412,0.979592
initial_satisfiability_check_time_mean_seconds,1519,0,0.06935937656352864,0.2379201109197669,4.83e-4,8.88e-4,0.001209,0.0018755,4.310337
initial_satisfiability_check_time_run_1_seconds,1519,0,0.0687775878867676,0.23837968485612487,4.79e-4,8.77e-4,0.001166,0.0018605000000000002,4.553892
initial_satisfiability_check_time_run_2_seconds,1519,0,0.070233032258064515,0.24009085964079846,4.54e-4,8.55e-4,0.001139,0.0017875,4.072498
initial_satisfiability_check_time_run_3_seconds,1519,0,0.06906763989466755,0.2372249519021894,4.63e-4,8.63e-4,0.00118,0.0018425,4.304621
initial_satisfiability_check_time_standard_deviation_seconds,1519,0,0.0027034509545753784,0.017373145349382235,1e-6,3.5e-5,9.2e-5,3.84e-4,0.562929
input_model_loading_time_mean_seconds,1519,0,0.015470563528637262,0.04536622846884269,6.59e-4,0.0010985,0.001632,0.0027400000000000002,0.430405
input_model_loading_time_run_1_seconds,1519,0,0.01860872021066491,0.06163124567547908,7.28e-4,0.0011524999999999999,0.00176,0.0028885,0.844929
input_model_loading_time_run_2_seconds,1519,0,0.013961102699144174,0.04026713553555129,6.21e-4,0.0010535,0.001496,0.0024270000000000003,0.430368
input_model_loading_time_run_3_seconds,1519,0,0.013841949967083607,0.03943857311903512,6.22e-4,0.001059,0.001509,0.0024275,0.30729
input_model_loading_time_standard_deviation_seconds,1519,0,0.002596572745227123,0.016284125582661936,6e-6,6.85e-5,1.34e-4,3.5749999999999996e-4,0.330381
original_constraints,1519,0,84.33838051349572,275.46199314174584,0,0,1,5,3455
original_features,1519,0,135.42593811718237,343.9504527946246,3,14,24,43,2513
reduced_model_reloading_time_mean_seconds,1519,0,0.02031558064516129,0.08923994900382591,5.01e-4,0.0010745,0.001745,0.004064,2.389786
reduced_model_reloading_time_run_1_seconds,1519,0,0.019923639236339698,0.08213189774443888,4.98e-4,0.0010615,0.001732,0.0038595,1.992352
reduced_model_reloading_time_run_2_seconds,1519,0,0.01964784068466096,0.07925319493495216,4.92e-4,0.001059,0.001714,0.0037585,1.82137
reduced_model_reloading_time_run_3_seconds,1519,0,0.021375359447004607,0.1096914252177694,4.76e-4,0.0010455,0.001714,0.0038335,3.355636
reduced_model_reloading_time_standard_deviation_seconds,1519,0,0.002055612244897959,0.019635561627095635,1e-6,4.3e-5,9.9e-5,3.09e-4,0.686517
reduction_feature_tree_rebuild_time_mean_seconds,1519,0,0.2861019940750494,0.9730865577796658,6e-5,1.35e-4,2.2e-4,4.94e-4,6.310648
reduction_feature_tree_rebuild_time_run_1_seconds,1519,0,0.28602466359447004,0.9721439463539711,6e-5,1.315e-4,2.17e-4,4.8550000000000004e-4,6.249887
reduction_feature_tree_rebuild_time_run_2_seconds,1519,0,0.28674757011191576,0.9758553843966086,5.9e-5,1.31e-4,2.23e-4,4.965e-4,6.211692
reduction_feature_tree_rebuild_time_run_3_seconds,1519,0,0.2855338624094799,0.9723248370246784,6e-5,1.31e-4,2.2e-4,4.8e-4,6.470366
reduction_feature_tree_rebuild_time_standard_deviation_seconds,1519,0,0.0056597070441079655,0.025725135568727398,0,6e-6,2.2e-5,6.1e-5,0.305356
reduction_original_cnf_construction_time_mean_seconds,1519,0,0.07079174127715603,0.24181474686549087,1.82e-4,5.73e-4,9.28e-4,0.0017055,4.218053
reduction_original_cnf_construction_time_run_1_seconds,1519,0,0.0701219163923634,0.23867130689052318,1.82e-4,5.55e-4,9.05e-4,0.0017745,3.993809
reduction_original_cnf_construction_time_run_2_seconds,1519,0,0.07091199670836076,0.24109392440268995,1.82e-4,5.415e-4,8.98e-4,0.0017365,4.11122
reduction_original_cnf_construction_time_run_3_seconds,1519,0,0.07134144239631336,0.24712015512572313,1.8e-4,5.55e-4,9.12e-4,0.001716,4.549131
reduction_original_cnf_construction_time_standard_deviation_seconds,1519,0,0.003090658327847268,0.015357956986468057,0,1.7e-5,7.5e-5,2.925e-4,0.287206
reduction_projected_constraint_addition_time_mean_seconds,1519,0,0.04217023173140224,0.226855586806823,4e-6,4.55e-5,0.001098,0.004710000000000001,3.679772
reduction_projected_constraint_addition_time_run_1_seconds,1519,0,0.04190670309414088,0.2246507182028113,3e-6,4.5e-5,0.001017,0.0047545,3.627698
reduction_projected_constraint_addition_time_run_2_seconds,1519,0,0.042248111915734035,0.22776002072698212,4e-6,4.8e-5,0.001002,0.0048015,3.751973
reduction_projected_constraint_addition_time_run_3_seconds,1519,0,0.04235597235023041,0.22849739915408745,3e-6,4.7e-5,0.00105,0.004814499999999999,3.659644
reduction_projected_constraint_addition_time_standard_deviation_seconds,1519,0,0.0019466491112574062,0.007118000567137212,0,5e-6,1.09e-4,6.715e-4,0.116166
reduction_reduced_model_validation_time_mean_seconds,1519,0,0.09037906714944043,0.6773546889690164,7.6e-5,3.08e-4,6.14e-4,0.001576,22.864221
reduction_reduced_model_validation_time_run_1_seconds,1519,0,0.0889526155365372,0.6306344268830458,7.5e-5,2.98e-4,6e-4,0.0015439999999999998,20.717421
reduction_reduced_model_validation_time_run_2_seconds,1519,0,0.08978421395655035,0.6556006555373554,7.5e-5,2.985e-4,6.14e-4,0.001584,21.91294
reduction_reduced_model_validation_time_run_3_seconds,1519,0,0.09240052007899935,0.747770540014438,7.5e-5,3.0500000000000004e-4,5.97e-4,0.0015845,25.962302
reduction_reduced_model_validation_time_standard_deviation_seconds,1519,0,0.003831113890717577,0.05832966300474597,0,1.4e-5,5e-5,1.72e-4,2.244385
reduction_removal_plan_computation_time_mean_seconds,1519,0,0.22846748518762344,0.7751208045781074,7.06e-4,0.0016695,0.002564,0.0042369999999999994,12.607087
reduction_removal_plan_computation_time_run_1_seconds,1519,0,0.2288144358130349,0.7748457469158606,6.96e-4,0.001617,0.002417,0.004408499999999999,12.456577
reduction_removal_plan_computation_time_run_2_seconds,1519,0,0.22815193087557603,0.7747415720573835,6.93e-4,0.0016275,0.002441,0.0042179999999999995,12.656872
reduction_removal_plan_computation_time_run_3_seconds,1519,0,0.22843614812376564,0.7765911529966408,6.92e-4,0.001657,0.002553,0.0043005000000000005,12.707812
reduction_removal_plan_computation_time_standard_deviation_seconds,1519,0,0.005004174456879526,0.019937316896351413,1e-6,9.2e-5,2.33e-4,7.46e-4,0.371329
reduction_satisfiability_check_time_mean_seconds,1519,0,0.06765221066491113,0.2340320901733665,3.09e-4,6.8e-4,0.001001,0.0016215000000000001,4.349912
reduction_satisfiability_check_time_run_1_seconds,1519,0,0.06797351020408163,0.23177887137924164,3.04e-4,6.685e-4,9.84e-4,0.001683,4.010283
reduction_satisfiability_check_time_run_2_seconds,1519,0,0.06715786372613561,0.22947266158055118,3.02e-4,6.515e-4,9.54e-4,0.0016055000000000002,4.011708
reduction_satisfiability_check_time_run_3_seconds,1519,0,0.06782541408821594,0.24223352020825664,3.04e-4,6.55e-4,9.92e-4,0.001584,5.027746
reduction_satisfiability_check_time_standard_deviation_seconds,1519,0,0.002733274522712311,0.015504078362437184,1e-6,4e-5,1.04e-4,2.7749999999999997e-4,0.479301
reduction_structural_model_validation_time_mean_seconds,1519,0,0.01550520276497696,0.08151136240206035,1.04e-4,2.99e-4,4.39e-4,8.11e-4,1.715909
reduction_structural_model_validation_time_run_1_seconds,1519,0,0.015547795918367347,0.08186893519847906,1e-4,2.915e-4,4.35e-4,7.78e-4,1.726876
reduction_structural_model_validation_time_run_2_seconds,1519,0,0.015476647794601712,0.08171753960729247,9.7e-5,2.94e-4,4.34e-4,7.819999999999999e-4,1.71018
reduction_structural_model_validation_time_run_3_seconds,1519,0,0.01549137129690586,0.08125008165911611,9.6e-5,2.9549999999999997e-4,4.37e-4,8.105e-4,1.710672
reduction_structural_model_validation_time_standard_deviation_seconds,1519,0,8.085108624094799e-4,0.003982794981253095,0,1.1e-5,3.5e-5,1.06e-4,0.101157
reduction_time_mean_seconds,1519,0,0.9638027221856484,3.4787253928986592,0.001889,0.006658,0.014808,0.041507,68.732528
reduction_time_run_1_seconds,1519,0,0.962844745227123,3.4484807562503126,0.001839,0.0063715,0.014251,0.043290499999999996,65.795342
reduction_time_run_2_seconds,1519,0,0.9613962712310731,3.4478037628912337,0.001859,0.006536,0.014114,0.041401,67.115051
reduction_time_run_3_seconds,1519,0,0.9671672837393022,3.5439249170881175,0.001856,0.0066055,0.014531,0.041975,73.28719
reduction_time_standard_deviation_seconds,1519,0,0.017623350230414746,0.10530714215211068,7e-6,3.495e-4,0.001141,0.0050635,3.265386
reduction_variable_projection_time_mean_seconds,1519,0,0.16272939894667546,0.924031662609129,1.33e-4,0.0017339999999999999,0.006718,0.024857999999999998,14.377137
reduction_variable_projection_time_run_1_seconds,1519,0,0.16349742593811717,0.9386379017145479,1.25e-4,0.0016979999999999999,0.006791,0.025484,15.731884
reduction_variable_projection_time_run_2_seconds,1519,0,0.16091309874917709,0.9014694909730758,1.34e-4,0.0016885,0.006872,0.0251805,14.17311
reduction_variable_projection_time_run_3_seconds,1519,0,0.1637777853851218,0.9343772969032407,1.29e-4,0.0017425000000000001,0.007122,0.0250545,14.582222
reduction_variable_projection_time_standard_deviation_seconds,1519,0,0.006456984200131665,0.041334354955405564,1e-6,1.24e-4,4.95e-4,0.0026750000000000003,1.113174
removed_atomic_set_features,1519,0,45.514812376563526,144.1866960049475,0,0,1,4,626
removed_core_features,1519,0,9.052666227781435,10.614945423244382,0,3,6,11,118
removed_dead_features,1519,0,5.150757077024358,18.132808192814995,0,0,0,0,185
simplified_constraints,1519,0,142.2198815009875,458.4782244758883,0,1,4,15,6465
simplified_features,1519,0,75.70770243581303,185.85755064122824,1,8,14,29,1713
simplified_model_storage_time_mean_seconds,1519,0,0.002552849242922976,0.010714853291803515,5.81e-4,7.61e-4,8.67e-4,0.001068,0.283277
simplified_model_storage_time_run_1_seconds,1519,0,0.003494075707702436,0.02223736084929359,5.93e-4,7.88e-4,9.06e-4,0.0011335,0.651555
simplified_model_storage_time_run_2_seconds,1519,0,0.002179179065174457,0.010456899704392793,5.44e-4,7.175e-4,8.3e-4,0.0010025,0.294671
simplified_model_storage_time_run_3_seconds,1519,0,0.0019854437129690587,0.008093036604646523,5.57e-4,7.28e-4,8.34e-4,0.0010084999999999998,0.26851
simplified_model_storage_time_standard_deviation_seconds,1519,0,0.0011546398946675445,0.01036446437573108,2e-6,4.05e-5,7.8e-5,1.39e-4,0.260569
statistics_computation_time_mean_seconds,1519,0,1.1136668861092824e-4,2.6614937898311657e-4,8e-6,1.8e-5,2.7e-5,4.2e-5,0.002809
statistics_computation_time_run_1_seconds,1519,0,1.1203423304805793e-4,2.7268198794201925e-4,8e-6,1.8e-5,2.6e-5,4.1e-5,0.003372
statistics_computation_time_run_2_seconds,1519,0,1.1178736010533245e-4,2.7227444680979953e-4,8e-6,1.7e-5,2.6e-5,4.2e-5,0.002583
statistics_computation_time_run_3_seconds,1519,0,1.1040882159315339e-4,2.662810128681565e-4,7e-6,1.8e-5,2.6e-5,4.1e-5,0.002473
statistics_computation_time_standard_deviation_seconds,1519,0,1.3203423304805793e-5,4.6110582998115486e-5,0,1e-6,2e-6,6e-6,4.78e-4
