column,missing_count,missing_percentage
input_file,0,0
output_file,0,0
original_features,0,0
simplified_features,0,0
feature_reduction_ratio,0,0
original_constraints,0,0
simplified_constraints,0,0
constraint_reduction_ratio,0,0
removed_core_features,0,0
removed_dead_features,0,0
removed_atomic_set_features,0,0
full_reduction,0,0
input_model_loading_time_run_1_seconds,0,0
input_model_loading_time_run_2_seconds,0,0
input_model_loading_time_run_3_seconds,0,0
input_model_loading_time_mean_seconds,0,0
input_model_loading_time_standard_deviation_seconds,0,0
boolean_feature_type_validation_time_run_1_seconds,0,0
boolean_feature_type_validation_time_run_2_seconds,0,0
boolean_feature_type_validation_time_run_3_seconds,0,0
boolean_feature_type_validation_time_mean_seconds,0,0
boolean_feature_type_validation_time_standard_deviation_seconds,0,0
initial_satisfiability_check_time_run_1_seconds,0,0
initial_satisfiability_check_time_run_2_seconds,0,0
initial_satisfiability_check_time_run_3_seconds,0,0
initial_satisfiability_check_time_mean_seconds,0,0
initial_satisfiability_check_time_standard_deviation_seconds,0,0
core_feature_computation_time_run_1_seconds,0,0
core_feature_computation_time_run_2_seconds,0,0
core_feature_computation_time_run_3_seconds,0,0
core_feature_computation_time_mean_seconds,0,0
core_feature_computation_time_standard_deviation_seconds,0,0
dead_feature_computation_time_run_1_seconds,0,0
dead_feature_computation_time_run_2_seconds,0,0
dead_feature_computation_time_run_3_seconds,0,0
dead_feature_computation_time_mean_seconds,0,0
dead_feature_computation_time_standard_deviation_seconds,0,0
atomic_set_computation_time_run_1_seconds,0,0
atomic_set_computation_time_run_2_seconds,0,0
atomic_set_computation_time_run_3_seconds,0,0
atomic_set_computation_time_mean_seconds,0,0
atomic_set_computation_time_standard_deviation_seconds,0,0
reduction_time_run_1_seconds,0,0
reduction_time_run_2_seconds,0,0
reduction_time_run_3_seconds,0,0
reduction_time_mean_seconds,0,0
reduction_time_standard_deviation_seconds,0,0
reduction_satisfiability_check_time_run_1_seconds,0,0
reduction_satisfiability_check_time_run_2_seconds,0,0
reduction_satisfiability_check_time_run_3_seconds,0,0
reduction_satisfiability_check_time_mean_seconds,0,0
reduction_satisfiability_check_time_standard_deviation_seconds,0,0
reduction_original_cnf_construction_time_run_1_seconds,0,0
reduction_original_cnf_construction_time_run_2_seconds,0,0
reduction_original_cnf_construction_time_run_3_seconds,0,0
reduction_original_cnf_construction_time_mean_seconds,0,0
reduction_original_cnf_construction_time_standard_deviation_seconds,0,0
reduction_removal_plan_computation_time_run_1_seconds,0,0
reduction_removal_plan_computation_time_run_2_seconds,0,0
reduction_removal_plan_computation_time_run_3_seconds,0,0
reduction_removal_plan_computation_time_mean_seconds,0,0
reduction_removal_plan_computation_time_standard_deviation_seconds,0,0
reduction_variable_projection_time_run_1_seconds,0,0
reduction_variable_projection_time_run_2_seconds,0,0
reduction_variable_projection_time_run_3_seconds,0,0
reduction_variable_projection_time_mean_seconds,0,0
reduction_variable_projection_time_standard_deviation_seconds,0,0
reduction_feature_tree_rebuild_time_run_1_seconds,0,0
reduction_feature_tree_rebuild_time_run_2_seconds,0,0
reduction_feature_tree_rebuild_time_run_3_seconds,0,0
reduction_feature_tree_rebuild_time_mean_seconds,0,0
reduction_feature_tree_rebuild_time_standard_deviation_seconds,0,0
reduction_structural_model_validation_time_run_1_seconds,0,0
reduction_structural_model_validation_time_run_2_seconds,0,0
reduction_structural_model_validation_time_run_3_seconds,0,0
reduction_structural_model_validation_time_mean_seconds,0,0
reduction_structural_model_validation_time_standard_deviation_seconds,0,0
reduction_projected_constraint_addition_time_run_1_seconds,0,0
reduction_projected_constraint_addition_time_run_2_seconds,0,0
reduction_projected_constraint_addition_time_run_3_seconds,0,0
reduction_projected_constraint_addition_time_mean_seconds,0,0
reduction_projected_constraint_addition_time_standard_deviation_seconds,0,0
reduction_reduced_model_validation_time_run_1_seconds,0,0
reduction_reduced_model_validation_time_run_2_seconds,0,0
reduction_reduced_model_validation_time_run_3_seconds,0,0
reduction_reduced_model_validation_time_mean_seconds,0,0
reduction_reduced_model_validation_time_standard_deviation_seconds,0,0
simplified_model_storage_time_run_1_seconds,0,0
simplified_model_storage_time_run_2_seconds,0,0
simplified_model_storage_time_run_3_seconds,0,0
simplified_model_storage_time_mean_seconds,0,0
simplified_model_storage_time_standard_deviation_seconds,0,0
reduced_model_reloading_time_run_1_seconds,0,0
reduced_model_reloading_time_run_2_seconds,0,0
reduced_model_reloading_time_run_3_seconds,0,0
reduced_model_reloading_time_mean_seconds,0,0
reduced_model_reloading_time_standard_deviation_seconds,0,0
statistics_computation_time_run_1_seconds,0,0
statistics_computation_time_run_2_seconds,0,0
statistics_computation_time_run_3_seconds,0,0
statistics_computation_time_mean_seconds,0,0
statistics_computation_time_standard_deviation_seconds,0,0
evaluation_time_run_1_seconds,0,0
evaluation_time_run_2_seconds,0,0
evaluation_time_run_3_seconds,0,0
evaluation_time_mean_seconds,0,0
evaluation_time_standard_deviation_seconds,0,0
evaluation_time_runs_available,0,0
calculated_evaluation_time_mean_seconds,0,0
calculated_evaluation_time_standard_deviation_seconds,0,0
calculated_feature_reduction_ratio,0,0
calculated_constraint_reduction_ratio,745,0.49045424621461486
feature_ratio_difference,0,0
constraint_ratio_difference,745,0.49045424621461486
net_constraint_change,0,0
constraints_added,0,0
evaluation_time_mean_difference_seconds,0,0
evaluation_time_standard_deviation_difference_seconds,0,0
evaluation_time_seconds_per_feature,0,0
evaluation_time_coefficient_of_variation,0,0
feature_count_group,0,0
removed_features_reported,0,0
removed_features_from_sizes,0,0
removed_count_difference,0,0
model_size_group,0,0
