input_file,original_features,simplified_features,feature_reduction_ratio,original_constraints,simplified_constraints,constraint_reduction_ratio
dataset_10/uvl/automotive01.uvl,2513,1713,0.318345,2833,6465,-1.282033
dataset_12/uvl/uClibc.uvl,313,229,0.268371,56,1712,-29.571429
dataset_12/uvl/uClinux-distribution.uvl,1580,1504,0.048101,197,1350,-5.852792
dataset_20/uvl/REAL-FM-13.uvl,12,9,0.25,2,6,-2
dataset_20/uvl/REAL-FM-15.uvl,25,14,0.44,3,12,-3
dataset_20/uvl/REAL-FM-17.uvl,25,15,0.4,4,17,-3.25
dataset_20/uvl/REAL-FM-19.uvl,30,10,0.666667,8,0,1
dataset_20/uvl/REAL-FM-2.uvl,23,17,0.26087,2,17,-7.5
dataset_20/uvl/REAL-FM-5.uvl,17,7,0.588235,13,2,0.846154
dataset_20/uvl/REAL-FM-6.uvl,11,8,0.272727,2,7,-2.5
dataset_20/uvl/model_20091129_1734444143.uvl,12,9,0.25,1,3,-2
dataset_20/uvl/model_20091205_755658379.uvl,94,48,0.489362,2,32,-15
dataset_20/uvl/model_20100213_206550190.uvl,38,21,0.447368,8,19,-1.375
dataset_20/uvl/model_20100324_1996898492.uvl,11,3,0.727273,3,0,1
dataset_20/uvl/model_20100326_770562654.uvl,27,22,0.185185,2,10,-4
dataset_20/uvl/model_20100415_240595643.uvl,31,23,0.258065,2,7,-2.5
dataset_20/uvl/model_20100719_944437142.uvl,29,25,0.137931,6,32,-4.333333
dataset_20/uvl/model_20100730_1366577700.uvl,32,26,0.1875,5,0,1
dataset_20/uvl/model_20101124_661702924.uvl,15,10,0.333333,3,15,-4
dataset_20/uvl/model_20110214_751339643.uvl,56,8,0.857143,84,0,1
dataset_20/uvl/model_20110318_225131257.uvl,15,3,0.8,4,0,1
dataset_20/uvl/model_20110329_10104623.uvl,41,37,0.097561,5,13,-1.6
dataset_20/uvl/model_20110330_919429247.uvl,25,18,0.28,2,6,-2
dataset_20/uvl/model_20110407_1283128166.uvl,51,38,0.254902,1,5,-4
dataset_20/uvl/model_20110428_553405269.uvl,37,13,0.648649,4,14,-2.5
dataset_20/uvl/model_20110525_1619420630.uvl,45,27,0.4,5,17,-2.4
dataset_20/uvl/model_20110712_1373520081.uvl,66,30,0.545455,2,5,-1.5
dataset_20/uvl/model_20110826_1574631601.uvl,52,21,0.596154,4,0,1
dataset_20/uvl/model_20110915_1159959623.uvl,10,9,0.1,2,7,-2.5
dataset_20/uvl/model_20111201_1252018702.uvl,61,59,0.032787,2,18,-8
dataset_20/uvl/model_20111220_1184087779.uvl,15,12,0.2,1,16,-15
dataset_20/uvl/model_20120110_1094246588.uvl,10,8,0.2,2,7,-2.5
dataset_20/uvl/model_20120110_1256867454.uvl,10,8,0.2,2,7,-2.5
dataset_20/uvl/model_20120110_139114401.uvl,10,8,0.2,2,7,-2.5
dataset_20/uvl/model_20120110_1719396361.uvl,10,8,0.2,2,7,-2.5
dataset_20/uvl/model_20120110_1754443954.uvl,10,8,0.2,1,6,-5
dataset_20/uvl/model_20120110_855603964.uvl,10,8,0.2,2,7,-2.5
dataset_20/uvl/model_20120113_1803352101.uvl,43,38,0.116279,2,17,-7.5
dataset_20/uvl/model_20120122_258977494.uvl,19,14,0.263158,5,13,-1.6
dataset_20/uvl/model_20120201_1444061231.uvl,38,25,0.342105,11,26,-1.363636
dataset_20/uvl/model_20120202_114979109.uvl,22,13,0.409091,5,14,-1.8
dataset_20/uvl/model_20120328_573707444.uvl,34,20,0.411765,1,16,-15
dataset_20/uvl/model_20120408_404695779.uvl,70,67,0.042857,1,23,-22
dataset_20/uvl/model_20120411_196667302.uvl,26,16,0.384615,3,15,-4
dataset_20/uvl/model_20120419_1397354511.uvl,20,14,0.3,2,6,-2
dataset_20/uvl/model_20120522_87989914.uvl,35,33,0.057143,20,103,-4.15
dataset_20/uvl/model_20120529_2101702978.uvl,35,27,0.228571,23,60,-1.608696
dataset_20/uvl/model_20120731_787433291.uvl,43,31,0.27907,3,16,-4.333333
dataset_20/uvl/model_20120806_904481092.uvl,17,10,0.411765,1,5,-4
dataset_20/uvl/model_20120909_341305614.uvl,32,24,0.25,2,5,-1.5
dataset_20/uvl/model_20120915_487659597.uvl,20,14,0.3,1,7,-6
dataset_20/uvl/model_20121123_1668268132.uvl,13,8,0.384615,2,8,-3
dataset_20/uvl/model_20121123_913179730.uvl,17,10,0.411765,1,6,-5
dataset_20/uvl/model_20121214_211817376.uvl,14,11,0.214286,2,7,-2.5
dataset_20/uvl/model_20130115_768867592.uvl,11,4,0.636364,1,0,1
dataset_20/uvl/model_20130116_382639902.uvl,31,20,0.354839,9,32,-2.555556
dataset_20/uvl/model_20130117_2075912065.uvl,13,1,0.923077,5,0,1
dataset_20/uvl/model_20130121_710180273.uvl,10,1,0.9,3,0,1
dataset_20/uvl/model_20130122_1064508817.uvl,12,2,0.833333,7,0,1
dataset_20/uvl/model_20130226_1908057354.uvl,16,9,0.4375,3,10,-2.333333
dataset_20/uvl/model_20130305_522520932.uvl,16,8,0.5,3,9,-2
dataset_20/uvl/model_20130307_609838668.uvl,176,127,0.278409,4,20,-4
dataset_20/uvl/model_20130418_1158438101.uvl,19,13,0.315789,2,21,-9.5
dataset_20/uvl/model_20130529_552715089.uvl,17,10,0.411765,1,6,-5
dataset_20/uvl/model_20130621_2143921379.uvl,29,24,0.172414,5,13,-1.6
dataset_20/uvl/model_20130703_1107240012.uvl,64,59,0.078125,2,47,-22.5
dataset_20/uvl/model_20130726_597280131.uvl,47,36,0.234043,7,38,-4.428571
dataset_20/uvl/model_20130821_1446947208.uvl,49,1,0.979592,0,0,0
dataset_20/uvl/model_20131109_2060894287.uvl,14,10,0.285714,3,8,-1.666667
dataset_20/uvl/model_20131111_1434736548.uvl,34,20,0.411765,3,9,-2
dataset_20/uvl/model_20131112_1191150070.uvl,57,25,0.561404,1,3,-2
dataset_20/uvl/model_20131112_1840652917.uvl,17,11,0.352941,1,0,1
dataset_20/uvl/model_20131114_87095598.uvl,57,28,0.508772,4,13,-2.25
dataset_20/uvl/model_20131121_194495737.uvl,12,9,0.25,2,7,-2.5
dataset_20/uvl/model_20131129_1765219729.uvl,14,11,0.214286,2,7,-2.5
dataset_20/uvl/model_20131129_1795005487.uvl,10,8,0.2,2,7,-2.5
dataset_20/uvl/model_20131129_2135897376.uvl,10,8,0.2,2,7,-2.5
dataset_20/uvl/model_20131203_151571988.uvl,54,18,0.666667,1,8,-7
dataset_20/uvl/model_20131206_684654596.uvl,12,9,0.25,2,7,-2.5
dataset_20/uvl/model_20131210_413521746.uvl,13,9,0.307692,3,7,-1.333333
dataset_20/uvl/model_20140205_954857783.uvl,11,10,0.090909,2,7,-2.5
dataset_20/uvl/model_20140209_1382642350.uvl,41,30,0.268293,7,53,-6.571429
dataset_20/uvl/model_20140209_1802656178.uvl,26,13,0.5,4,18,-3.5
dataset_20/uvl/model_20140209_34267674.uvl,44,29,0.340909,14,35,-1.5
dataset_20/uvl/model_20140225_1829795152.uvl,14,11,0.214286,1,6,-5
dataset_20/uvl/model_20140305_1485634182.uvl,28,26,0.071429,3,8,-1.666667
dataset_20/uvl/model_20140305_1745306436.uvl,20,13,0.35,1,20,-19
dataset_20/uvl/model_20140326_1693773444.uvl,13,9,0.307692,3,9,-2
dataset_20/uvl/model_20140420_1899694432.uvl,55,52,0.054545,3,10,-2.333333
dataset_20/uvl/model_20140422_2137156564.uvl,35,23,0.342857,3,11,-2.666667
dataset_20/uvl/model_20140423_1890396897.uvl,36,24,0.333333,3,11,-2.666667
dataset_20/uvl/model_20140423_813378270.uvl,48,33,0.3125,2,14,-6
dataset_20/uvl/model_20140423_969548559.uvl,49,32,0.346939,1,4,-3
dataset_20/uvl/model_20140425_366530615.uvl,11,7,0.363636,1,5,-4
dataset_20/uvl/model_20140427_1594857347.uvl,19,10,0.473684,5,0,1
dataset_20/uvl/model_20140428_1043688075.uvl,56,38,0.321429,1,6,-5
dataset_20/uvl/model_20140428_1127346099.uvl,72,52,0.277778,1,5,-4
dataset_20/uvl/model_20140428_1301432646.uvl,72,52,0.277778,1,5,-4
dataset_20/uvl/model_20140428_1917957920.uvl,63,44,0.301587,1,4,-3
dataset_20/uvl/model_20140430_1532303117.uvl,32,22,0.3125,1,12,-11
dataset_20/uvl/model_20140503_110898123.uvl,16,13,0.1875,2,7,-2.5
dataset_20/uvl/model_20140710_2059561340.uvl,33,22,0.333333,4,10,-1.5
dataset_20/uvl/model_20140819_709073537.uvl,43,14,0.674419,1,0,1
dataset_20/uvl/model_20140823_1972464026.uvl,35,14,0.6,3,0,1
dataset_20/uvl/model_20140825_2017008690.uvl,58,22,0.62069,1,3,-2
dataset_20/uvl/model_20141030_1477913256.uvl,12,4,0.666667,1,0,1
dataset_20/uvl/model_20141103_771283347.uvl,10,8,0.2,3,8,-1.666667
dataset_20/uvl/model_20141107_655975442.uvl,10,8,0.2,1,6,-5
dataset_20/uvl/model_20141113_346832425.uvl,56,51,0.089286,5,13,-1.6
dataset_20/uvl/model_20141129_1031364.uvl,12,9,0.25,2,5,-1.5
dataset_20/uvl/model_20141129_1168519534.uvl,12,9,0.25,2,8,-3
dataset_20/uvl/model_20141129_1642511009.uvl,34,28,0.176471,14,43,-2.071429
dataset_20/uvl/model_20141129_2117240468.uvl,12,9,0.25,2,5,-1.5
dataset_20/uvl/model_20141129_264528063.uvl,13,10,0.230769,1,4,-3
dataset_20/uvl/model_20141129_6569546.uvl,25,18,0.28,1,13,-12
dataset_20/uvl/model_20141202_104116345.uvl,10,8,0.2,2,7,-2.5
dataset_20/uvl/model_20150114_50814742.uvl,33,21,0.363636,11,29,-1.636364
dataset_20/uvl/model_20150208_1225865238.uvl,42,28,0.333333,13,58,-3.461538
dataset_20/uvl/model_20150208_2120373387.uvl,25,16,0.36,5,23,-3.6
dataset_20/uvl/model_20150209_1183047948.uvl,29,22,0.241379,19,45,-1.368421
dataset_20/uvl/model_20150212_1516383976.uvl,12,8,0.333333,1,9,-8
dataset_20/uvl/model_20150222_409043024.uvl,52,31,0.403846,2,29,-13.5
dataset_20/uvl/model_20150301_300492477.uvl,33,26,0.212121,2,6,-2
dataset_20/uvl/model_20150305_837831991.uvl,39,20,0.487179,3,14,-3.666667
dataset_20/uvl/model_20150309_1544990511.uvl,39,7,0.820513,3,0,1
dataset_20/uvl/model_20150411_1378086632.uvl,15,11,0.266667,1,9,-8
dataset_20/uvl/model_20150427_2103265175.uvl,56,36,0.357143,3,8,-1.666667
dataset_20/uvl/model_20150509_1341412445.uvl,10,9,0.1,1,6,-5
dataset_20/uvl/model_20150523_372542452.uvl,47,33,0.297872,5,52,-9.4
dataset_20/uvl/model_20150621_1174641946.uvl,36,11,0.694444,3,11,-2.666667
dataset_20/uvl/model_20150625_1923523971.uvl,16,13,0.1875,1,9,-8
dataset_20/uvl/model_20150713_1448325014.uvl,32,18,0.4375,4,16,-3
dataset_20/uvl/model_20150715_75174593.uvl,17,12,0.294118,1,6,-5
dataset_20/uvl/model_20151102_2085331426.uvl,51,32,0.372549,4,25,-5.25
dataset_20/uvl/model_20151111_460133826.uvl,40,15,0.625,1,4,-3
dataset_20/uvl/model_20151119_825568988.uvl,19,12,0.368421,1,0,1
dataset_20/uvl/model_20151202_1529785580.uvl,40,25,0.375,3,9,-2
dataset_20/uvl/model_20160103_2012826523.uvl,94,80,0.148936,2,70,-34
dataset_20/uvl/model_20160122_407616496.uvl,29,20,0.310345,2,13,-5.5
dataset_20/uvl/model_20160125_1378351345.uvl,38,24,0.368421,7,93,-12.285714
dataset_20/uvl/model_20160225_2040495200.uvl,50,39,0.22,3,72,-23
dataset_20/uvl/model_20160225_419189676.uvl,47,38,0.191489,5,13,-1.6
dataset_20/uvl/model_20160227_1389842098.uvl,48,39,0.1875,4,12,-2
dataset_20/uvl/model_20160229_1734203468.uvl,48,38,0.208333,4,60,-14
dataset_20/uvl/model_20160229_490224198.uvl,49,36,0.265306,6,36,-5
dataset_20/uvl/model_20160229_707006027.uvl,13,2,0.846154,1,0,1
dataset_20/uvl/model_20160303_1645051071.uvl,17,12,0.294118,2,7,-2.5
dataset_20/uvl/model_20160304_165509543.uvl,43,26,0.395349,6,24,-3
dataset_20/uvl/model_20160304_168615633.uvl,29,24,0.172414,5,13,-1.6
dataset_20/uvl/model_20160308_79396455.uvl,41,34,0.170732,7,22,-2.142857
dataset_20/uvl/model_20160329_1368375444.uvl,33,14,0.575758,7,26,-2.714286
dataset_20/uvl/model_20160330_1233914245.uvl,12,11,0.083333,3,8,-1.666667
dataset_20/uvl/model_20160330_149443721.uvl,30,9,0.7,14,0,1
dataset_20/uvl/model_20160503_1174916821.uvl,42,16,0.619048,2,5,-1.5
dataset_20/uvl/model_20160519_1235536625.uvl,34,24,0.294118,16,203,-11.6875
dataset_20/uvl/model_20160519_1444507509.uvl,41,28,0.317073,19,92,-3.842105
dataset_20/uvl/model_20160531_486171149.uvl,35,22,0.371429,17,206,-11.117647
dataset_20/uvl/model_20160623_1415871890.uvl,13,11,0.153846,1,12,-11
dataset_20/uvl/model_20160629_1032137585.uvl,16,13,0.1875,2,13,-5.5
dataset_20/uvl/model_20160726_1855902901.uvl,12,1,0.916667,1,0,1
dataset_20/uvl/model_20160812_1476754989.uvl,10,8,0.2,2,7,-2.5
dataset_20/uvl/model_20160821_1946133193.uvl,14,6,0.571429,1,3,-2
dataset_20/uvl/model_20160822_713171625.uvl,28,22,0.214286,3,8,-1.666667
dataset_20/uvl/model_20160911_493856736.uvl,45,35,0.222222,6,54,-8
dataset_20/uvl/model_20160913_269001380.uvl,49,37,0.244898,17,61,-2.588235
dataset_20/uvl/model_20160913_482611615.uvl,48,29,0.395833,12,30,-1.5
dataset_20/uvl/model_20160913_600398973.uvl,48,36,0.25,6,37,-5.166667
dataset_20/uvl/model_20160919_422339066.uvl,50,31,0.38,5,14,-1.8
dataset_20/uvl/model_20161118_1167269407.uvl,66,31,0.530303,13,279,-20.461538
dataset_20/uvl/model_20161122_1255346120.uvl,15,11,0.266667,1,13,-12
dataset_20/uvl/model_20161125_1777261352.uvl,33,20,0.393939,3,64,-20.333333
dataset_20/uvl/model_20161127_1823059506.uvl,69,62,0.101449,246,723,-1.939024
dataset_20/uvl/model_20170221_1848353506.uvl,210,140,0.333333,38,748,-18.684211
dataset_20/uvl/model_20170228_2078125436.uvl,34,28,0.176471,1,11,-10
dataset_20/uvl/model_20170301_235251685.uvl,14,11,0.214286,1,8,-7
dataset_20/uvl/model_20170310_195700687.uvl,47,36,0.234043,20,56,-1.8
dataset_20/uvl/model_20170310_2069806245.uvl,49,38,0.22449,10,53,-4.3
dataset_20/uvl/model_20170310_906013336.uvl,47,35,0.255319,9,61,-5.777778
dataset_20/uvl/model_20170311_1316290182.uvl,48,36,0.25,23,60,-1.608696
dataset_20/uvl/model_20170312_968402737.uvl,49,38,0.22449,7,55,-6.857143
dataset_20/uvl/model_20170313_143405764.uvl,48,37,0.229167,21,50,-1.380952
dataset_20/uvl/model_20170316_1293936491.uvl,48,4,0.916667,5,0,1
dataset_20/uvl/model_20170317_1165725.uvl,50,4,0.92,7,0,1
dataset_20/uvl/model_20170320_149190356.uvl,50,4,0.92,6,0,1
dataset_20/uvl/model_20170321_1279222212.uvl,10,3,0.7,2,0,1
dataset_20/uvl/model_20170321_1774846112.uvl,179,115,0.357542,26,153,-4.884615
dataset_20/uvl/model_20170328_418838667.uvl,261,153,0.413793,72,164,-1.277778
dataset_20/uvl/model_20170402_1978825740.uvl,263,163,0.380228,84,325,-2.869048
dataset_20/uvl/model_20170404_1821671055.uvl,13,9,0.307692,3,9,-2
dataset_20/uvl/model_20170424_781699396.uvl,142,84,0.408451,13,193,-13.846154
dataset_20/uvl/model_20170504_370000031.uvl,36,26,0.277778,5,16,-2.2
dataset_20/uvl/model_20170505_1428478521.uvl,24,21,0.125,2,5,-1.5
dataset_20/uvl/model_20170505_1995894898.uvl,32,17,0.46875,3,11,-2.666667
dataset_20/uvl/model_20170517_1276361560.uvl,10,8,0.2,2,7,-2.5
dataset_20/uvl/model_20170517_1468714593.uvl,10,8,0.2,2,7,-2.5
dataset_20/uvl/model_20170517_1986241278.uvl,10,7,0.3,2,7,-2.5
dataset_20/uvl/model_20170527_1802227256.uvl,11,6,0.454545,3,0,1
dataset_20/uvl/model_20170706_1181552122.uvl,11,5,0.545455,2,6,-2
dataset_20/uvl/model_20170916_973590519.uvl,48,34,0.291667,14,55,-2.928571
dataset_20/uvl/model_20170918_1157652981.uvl,48,37,0.229167,4,52,-12
dataset_20/uvl/model_20170918_446567907.uvl,48,32,0.333333,11,46,-3.181818
dataset_20/uvl/model_20170919_1393589103.uvl,48,35,0.270833,20,48,-1.4
dataset_20/uvl/model_20170919_1425490791.uvl,47,36,0.234043,17,39,-1.294118
dataset_20/uvl/model_20170919_1946252337.uvl,48,36,0.25,6,66,-10
dataset_20/uvl/model_20170921_244476382.uvl,47,39,0.170213,10,55,-4.5
dataset_20/uvl/model_20170926_1539445221.uvl,14,9,0.357143,1,5,-4
dataset_20/uvl/model_20170930_228024571.uvl,62,45,0.274194,25,66,-1.64
dataset_20/uvl/model_20171207_1015871671.uvl,18,7,0.611111,16,0,1
dataset_20/uvl/model_20180122_1429516018.uvl,40,35,0.125,4,51,-11.75
dataset_20/uvl/model_20180214_1066016479.uvl,96,79,0.177083,17,58,-2.411765
dataset_20/uvl/model_20180227_1765307019.uvl,116,96,0.172414,16,86,-4.375
dataset_20/uvl/model_20180304_1150769979.uvl,48,37,0.229167,11,53,-3.818182
dataset_20/uvl/model_20180304_290046860.uvl,48,38,0.208333,3,46,-14.333333
dataset_20/uvl/model_20180305_1393570452.uvl,48,32,0.333333,18,49,-1.722222
dataset_20/uvl/model_20180305_1565538092.uvl,50,37,0.26,12,50,-3.166667
dataset_20/uvl/model_20180306_1110315637.uvl,39,29,0.25641,1,58,-57
dataset_20/uvl/model_20180306_1851656621.uvl,49,32,0.346939,13,45,-2.461538
dataset_20/uvl/model_20180306_422218475.uvl,53,36,0.320755,6,42,-6
dataset_20/uvl/model_20180306_73619671.uvl,48,39,0.1875,5,51,-9.2
dataset_20/uvl/model_20180306_832754487.uvl,49,37,0.244898,27,63,-1.333333
dataset_20/uvl/model_20180512_276218752.uvl,36,4,0.888889,2,0,1
dataset_20/uvl/model_20180512_419383167.uvl,36,4,0.888889,2,0,1
dataset_20/uvl/model_20180512_660942805.uvl,36,4,0.888889,2,0,1
dataset_20/uvl/model_20180512_733862721.uvl,23,17,0.26087,2,8,-3
dataset_20/uvl/model_20180512_810540422.uvl,23,17,0.26087,1,5,-4
dataset_20/uvl/model_20180512_893377341.uvl,24,18,0.25,2,13,-5.5
dataset_20/uvl/model_20180611_1112345807.uvl,10,4,0.6,3,0,1
dataset_20/uvl/model_20180611_1140870617.uvl,10,4,0.6,3,0,1
dataset_20/uvl/model_20180611_1800915628.uvl,10,4,0.6,3,0,1
dataset_20/uvl/model_20180611_848416665.uvl,10,4,0.6,3,0,1
dataset_20/uvl/model_20180613_78021145.uvl,15,5,0.666667,1,3,-2
dataset_20/uvl/model_20180911_126281571.uvl,10,8,0.2,2,7,-2.5
dataset_20/uvl/model_20181029_2093756359.uvl,18,8,0.555556,4,0,1
dataset_20/uvl/model_20181219_1343761699.uvl,20,16,0.2,6,38,-5.333333
dataset_20/uvl/model_20190219_265960660.uvl,178,139,0.219101,9,32,-2.555556
dataset_20/uvl/model_20190223_1275185141.uvl,10,9,0.1,1,12,-11
dataset_20/uvl/model_20190223_2023041805.uvl,19,16,0.157895,10,25,-1.5
dataset_20/uvl/model_20190328_829158427.uvl,14,10,0.285714,3,7,-1.333333
dataset_20/uvl/model_20190430_2137275351.uvl,37,16,0.567568,1,9,-8
dataset_20/uvl/model_20190502_1338968023.uvl,34,1,0.970588,5,0,1
dataset_20/uvl/model_20190730_1957937065.uvl,25,16,0.36,1,3,-2
dataset_20/uvl/model_20190805_1041162508.uvl,23,15,0.347826,1,0,1
dataset_20/uvl/model_20190920_579117949.uvl,13,3,0.769231,5,0,1
dataset_20/uvl/model_20190922_230985682.uvl,21,1,0.952381,11,0,1
dataset_20/uvl/model_20191012_1432325334.uvl,40,23,0.425,7,23,-2.285714
dataset_20/uvl/model_20200225_1125771038.uvl,43,31,0.27907,3,20,-5.666667
dataset_20/uvl/model_20200316_153170359.uvl,124,55,0.556452,7,113,-15.142857
dataset_20/uvl/model_20200425_1144751894.uvl,10,2,0.8,4,0,1
dataset_20/uvl/model_20200609_1715293706.uvl,12,10,0.166667,2,7,-2.5
dataset_20/uvl/model_20200621_929471783.uvl,11,9,0.181818,2,8,-3
dataset_20/uvl/model_20200810_1943380085.uvl,26,15,0.423077,1,10,-9
dataset_20/uvl/model_20200810_903664942.uvl,25,20,0.2,2,5,-1.5
dataset_20/uvl/model_20200901_1590540568.uvl,38,27,0.289474,4,22,-4.5
dataset_20/uvl/model_20200907_1296105910.uvl,35,27,0.228571,1,30,-29
dataset_20/uvl/model_20200919_469515687.uvl,20,9,0.55,1,6,-5
dataset_20/uvl/model_20221125_1235088379.uvl,25,17,0.32,1,8,-7
dataset_20/uvl/model_20221220_1576677705.uvl,14,8,0.428571,2,13,-5.5
dataset_20/uvl/model_20230505_1739075744.uvl,42,16,0.619048,3,9,-2
dataset_20/uvl/smart_home_fm.uvl,59,30,0.491525,3,0,1
dataset_42/uvl/step1 Determine the information you need to display.uvl,12,9,0.25,7,64,-8.142857
dataset_42/uvl/step2 Select the best means to display the information (tables).uvl,13,8,0.384615,2,9,-3.5
dataset_42/uvl/step4 Select the implementation for the visualization (graphs).uvl,14,6,0.571429,4,12,-2
dataset_42/uvl/step4 Select the implementation for the visualization (tables).uvl,14,6,0.571429,4,12,-2
dataset_45/uvl/SGPL.uvl,94,82,0.12766,19,73,-2.842105
dataset_46/uvl/miband3_planned.uvl,24,10,0.583333,1,5,-4
dataset_46/uvl/miband4_planned.uvl,31,16,0.483871,1,10,-9
dataset_46/uvl/miband4_realized.uvl,31,14,0.548387,8,19,-1.375
dataset_46/uvl/miband5_planned.uvl,34,19,0.441176,1,10,-9
dataset_46/uvl/miband6_planned.uvl,35,20,0.428571,1,10,-9
dataset_46/uvl/miband7_planned.uvl,36,21,0.416667,1,14,-13
dataset_46/uvl/miband8_planned.uvl,37,22,0.405405,1,19,-18
dataset_48/uvl/REAL-FM-4.uvl,291,213,0.268041,21,59,-1.809524
dataset_49/uvl/REAL-FM-4.uvl,291,213,0.268041,21,59,-1.809524
dataset_50/uvl/SGPL.uvl,94,82,0.12766,19,73,-2.842105
dataset_52/uvl/CDI.uvl,43,26,0.395349,7,24,-2.428571
dataset_57/uvl/Fuengirola_Pizzas.uvl,32,29,0.09375,2,51,-24.5
dataset_7/uvl/2017-11-20.uvl,711,600,0.156118,1148,3084,-1.686411
dataset_7/uvl/2017-12-22.uvl,716,602,0.159218,1148,3310,-1.883275
dataset_7/uvl/2018-01-23.uvl,712,590,0.171348,1028,3555,-2.458171
dataset_7/uvl/2018-02-20.uvl,759,637,0.160738,1034,3987,-2.855899
dataset_7/uvl/2018-03-26.uvl,771,631,0.181582,1080,3685,-2.412037
dataset_72/uvl/An_Instrument_for_Measuring Variability_Thinking.uvl,16,13,0.1875,2,9,-3.5
dataset_78/uvl/FitApp.uvl,23,21,0.086957,6,16,-1.666667
dataset_78/uvl/FitnessApp.uvl,56,35,0.375,8,24,-2
dataset_78/uvl/MonumentosZaragoza.uvl,34,18,0.470588,1,4,-3
dataset_78/uvl/SdaWorld.uvl,16,6,0.625,1,0,1
dataset_79/uvl/FinTrack.uvl,37,12,0.675676,2,6,-2
dataset_89/uvl/demo_spl.uvl,3,2,0.333333,1,0,1
dataset_90/uvl/demo_spl.uvl,3,2,0.333333,1,0,1
dataset_91/uvl/demo_spl.uvl,3,2,0.333333,1,0,1
dataset_92/uvl/openwiki_spl.uvl,21,12,0.428571,11,2,0.818182
