x,y,sample_size,rho,p_value,p_value_bh
original_features,feature_reduction_ratio,1519,-0.013530192232879129,0.5982488228837644,0.5982488228837644
original_constraints,constraint_reduction_ratio,1519,-0.49273980801492256,1.005471563670324e-93,1.8433645333955939e-93
original_features,original_constraints,1519,0.43110970692607475,8.761831890831735e-70,1.3768592971307013e-69
feature_reduction_ratio,constraint_reduction_ratio,1519,0.20794394323083074,2.6678794974574127e-16,3.2607416080035045e-16
removed_core_features,feature_reduction_ratio,1519,0.5869738113952501,2.473884784702045e-141,9.070910877240832e-141
removed_dead_features,feature_reduction_ratio,1519,0.15691842992097813,7.802783053083178e-10,8.583061358391497e-10
removed_atomic_set_features,feature_reduction_ratio,1519,0.24306469450365478,7.2573938881643825e-22,9.978916596226026e-22
original_features,evaluation_time_mean_seconds,1519,0.819182125224295,0,0
original_constraints,evaluation_time_mean_seconds,1519,0.5002563677462161,5.403185947795717e-97,1.188700908515058e-96
simplified_features,evaluation_time_mean_seconds,1519,0.7977784962115159,0,0
removed_features_reported,evaluation_time_mean_seconds,1519,0.5372955977946238,2.3374408632759566e-114,6.4279623740088806e-114
