metric,mean,standard_deviation,count,metric_normalized,metric_found,recalculated_mean,recalculated_standard_deviation,recalculated_count,mean_difference,standard_deviation_difference,count_difference
original_features,135.425938,343.837218,NA,original_features,TRUE,135.42593811718237,343.9504527946246,1519,-1.1718236692104256e-7,-0.11323479462458863,NA
simplified_features,75.707702,185.796363,NA,simplified_features,TRUE,75.70770243581303,185.85755064122824,1519,-4.358130354376044e-7,-0.06118764122822995,NA
feature_reduction_ratio,0.393349,0.215042,NA,feature_reduction_ratio,TRUE,0.3933489183673469,0.21511326432208133,1519,8.163265308169798e-8,-7.126432208132139e-5,NA
original_constraints,84.338381,275.371306,NA,original_constraints,TRUE,84.33838051349572,275.46199314174584,1519,4.865042768642525e-7,-0.09068714174583192,NA
simplified_constraints,142.219882,458.327285,NA,simplified_constraints,TRUE,142.2198815009875,458.4782244758883,1519,4.990125148651714e-7,-0.15093947588826495,NA
constraint_reduction_ratio,-0.917832,3.20354,NA,constraint_reduction_ratio,TRUE,-0.9178316866359447,3.204595037917921,1519,-3.1336405525994593e-7,-0.0010550379179212754,NA
removed_core_features,9.052666,10.611451,NA,removed_core_features,TRUE,9.052666227781435,10.614945423244382,1519,-2.277814346030027e-7,-0.0034944232443816503,NA
removed_dead_features,5.150757,18.126839,NA,removed_dead_features,TRUE,5.150757077024358,18.132808192814995,1519,-7.70243584469199e-8,-0.005969192814994528,NA
removed_atomic_set_features,45.514812,144.139227,NA,removed_atomic_set_features,TRUE,45.514812376563526,144.1866960049475,1519,-3.7656352702697404e-7,-0.04746900494748729,NA
input_model_loading_time_mean_seconds,0.015471,0.045351,NA,input_model_loading_time_mean_seconds,TRUE,0.015470563528637262,0.04536622846884269,1519,4.364713627382638e-7,-1.5228468842685972e-5,NA
boolean_feature_type_validation_time_mean_seconds,9e-6,3.1e-5,NA,boolean_feature_type_validation_time_mean_seconds,TRUE,8.909809084924293e-6,3.0951198825329135e-5,1519,9.019091507570757e-8,4.88011746708667e-8,NA
initial_satisfiability_check_time_mean_seconds,0.069359,0.237842,NA,initial_satisfiability_check_time_mean_seconds,TRUE,0.06935937656352864,0.2379201109197669,1519,-3.7656352863679743e-7,-7.811091976689388e-5,NA
core_feature_computation_time_mean_seconds,0.069193,0.235731,NA,core_feature_computation_time_mean_seconds,TRUE,0.06919268861092824,0.23580914020943308,1519,3.1138907176375685e-7,-7.81402094330863e-5,NA
dead_feature_computation_time_mean_seconds,0.068578,0.233923,NA,dead_feature_computation_time_mean_seconds,TRUE,0.06857824423963134,0.23400008845929826,1519,-2.4423963133901605e-7,-7.708845929826902e-5,NA
atomic_set_computation_time_mean_seconds,0.073915,0.250334,NA,atomic_set_computation_time_mean_seconds,TRUE,0.07391532718894009,0.25041670595970184,1519,-3.2718894009409194e-7,-8.270595970183425e-5,NA
reduction_time_mean_seconds,0.963803,3.47758,NA,reduction_time_mean_seconds,TRUE,0.9638027221856484,3.4787253928986592,1519,2.778143515236309e-7,-0.0011453928986591144,NA
reduction_satisfiability_check_time_mean_seconds,0.067652,0.233955,NA,reduction_satisfiability_check_time_mean_seconds,TRUE,0.06765221066491113,0.2340320901733665,1519,-2.1066491112664565e-7,-7.709017336651747e-5,NA
reduction_original_cnf_construction_time_mean_seconds,0.070792,0.241735,NA,reduction_original_cnf_construction_time_mean_seconds,TRUE,0.07079174127715603,0.24181474686549087,1519,2.5872284396821765e-7,-7.974686549086507e-5,NA
reduction_removal_plan_computation_time_mean_seconds,0.228467,0.774866,NA,reduction_removal_plan_computation_time_mean_seconds,TRUE,0.22846748518762344,0.7751208045781074,1519,-4.851876234390762e-7,-2.5480457810733714e-4,NA
reduction_variable_projection_time_mean_seconds,0.162729,0.923727,NA,reduction_variable_projection_time_mean_seconds,TRUE,0.16272939894667546,0.924031662609129,1519,-3.9894667544504436e-7,-3.046626091289806e-4,NA
reduction_feature_tree_rebuild_time_mean_seconds,0.286102,0.972766,NA,reduction_feature_tree_rebuild_time_mean_seconds,TRUE,0.2861019940750494,0.9730865577796658,1519,5.9249506412228925e-9,-3.205577796657755e-4,NA
reduction_structural_model_validation_time_mean_seconds,0.015505,0.081485,NA,reduction_structural_model_validation_time_mean_seconds,TRUE,0.01550520276497696,0.08151136240206035,1519,-2.0276497695974338e-7,-2.6362402060345347e-5,NA
reduction_projected_constraint_addition_time_mean_seconds,0.04217,0.226781,NA,reduction_projected_constraint_addition_time_mean_seconds,TRUE,0.04217023173140224,0.226855586806823,1519,-2.31731402240698e-7,-7.458680682298491e-5,NA
reduction_reduced_model_validation_time_mean_seconds,0.090379,0.677132,NA,reduction_reduced_model_validation_time_mean_seconds,TRUE,0.09037906714944043,0.6773546889690164,1519,-6.71494404247408e-8,-2.2268896901644908e-4,NA
simplified_model_storage_time_mean_seconds,0.002553,0.010711,NA,simplified_model_storage_time_mean_seconds,TRUE,0.002552849242922976,0.010714853291803515,1519,1.507570770243119e-7,-3.853291803515221e-6,NA
reduced_model_reloading_time_mean_seconds,0.020316,0.089211,NA,reduced_model_reloading_time_mean_seconds,TRUE,0.02031558064516129,0.08923994900382591,1519,4.193548387119994e-7,-2.8949003825912145e-5,NA
statistics_computation_time_mean_seconds,1.11e-4,2.66e-4,NA,statistics_computation_time_mean_seconds,TRUE,1.1136668861092824e-4,2.6614937898311657e-4,1519,-3.6668861092823736e-7,-1.493789831165512e-7,NA
evaluation_time_mean_seconds,1.283355,4.53058,NA,evaluation_time_mean_seconds,TRUE,1.2833551500987492,4.532071865779193,1519,-1.5009874920757227e-7,-0.0014918657791938017,NA
full_reduction,NA,NA,118,full_reduction,TRUE,NA,NA,NA,NA,NA,NA
